1.030301813689571411e+00,-7.526317833559528769e-02,-1.802106771583520534e-02
9.078005689196821937e-01,1.579075842593778145e-01,-4.428478804964221596e-03
9.574148281684479178e-01,3.839531710838896550e-01,-2.366872636266385138e-02
8.126824451219392120e-01,5.042428569775680991e-01,-8.691283856297131460e-03
7.990480826285483174e-01,6.233141322463434664e-01,7.107654642362155883e-02
6.810581738678024299e-01,8.318029711804634241e-01,2.865951028533767625e-02
5.371342671598621221e-01,8.910924908780515352e-01,-3.435524569219056135e-02
3.250378354857742513e-01,9.761452503521522717e-01,-5.256126830611834722e-02
1.460397451969221994e-01,9.700604876436811352e-01,-3.272476464618821745e-02
7.764600504162611806e-03,1.066203041205286084e+00,-1.712126072505011296e-02
-1.448245687029383610e-01,9.705015805143867302e-01,1.023563039166553758e-02
-2.725053557360491707e-01,1.028105838333061239e+00,-9.185852371506075462e-03
-4.442878626629825911e-01,9.130827590109786840e-01,6.007971399765274501e-02
-6.814762782922165751e-01,7.604415726776561080e-01,-2.228644757307737811e-02
-7.946273015465388223e-01,6.039340933705207304e-01,3.443719719005369079e-02
-8.086912420522369693e-01,4.709933430097796303e-01,7.380187233648193013e-02
-9.910369849453701807e-01,3.304953498107403576e-01,-1.408269794543712261e-02
-9.002600257394827166e-01,2.707687423521684122e-01,-1.034703019208366333e-02
-9.828284075610995707e-01,1.500831065598370873e-01,8.079501348668544081e-02
-1.003390417325618067e+00,-1.329721318845439315e-01,4.235770379372859329e-02
-8.671295175351977358e-01,-2.445031044726772851e-01,-8.179062991458962636e-03
-9.409310641086549021e-01,-4.914550848473773770e-01,-2.758873899861968501e-02
-7.275669660342096723e-01,-6.127500521669553279e-01,-1.611184629057423739e-02
-6.414512302253523313e-01,-7.158220630247552618e-01,1.388710255487585546e-02
-5.895245995276280349e-01,-8.507172368658992845e-01,2.515539537767694928e-02
-3.556799542773896872e-01,-8.419099678261650066e-01,-2.170026269334635050e-02
-1.853736721227907669e-01,-1.070343224738812049e+00,-6.646879732069481406e-02
-4.154107560786641368e-02,-9.722092343495135625e-01,-6.797044026400451966e-02
2.030720226083313762e-01,-9.680573785212081006e-01,-2.211123696350111162e-02
2.861457474294662462e-01,-9.149713376022867717e-01,-2.133760382159647501e-02
4.661880207381564056e-01,-9.232441321819141455e-01,3.029126697977555654e-02
5.824379899029951124e-01,-6.642450753819024722e-01,4.010229992624447792e-02
7.308754685980223265e-01,-6.690293005910039614e-01,-9.534557678605398712e-02
8.008103496043837977e-01,-4.592175386018448879e-01,1.571580138907901214e-01
8.629362535510380905e-01,-3.532357036699092512e-01,1.551943014767492857e-02
9.735173486599293380e-01,-1.732904540063774923e-01,1.492449439040535774e-03
1.050840165336421883e+00,2.565295787578822373e-02,2.845601223180064254e-01
1.052515371736923555e+00,1.729289895125680210e-01,1.686550324057813632e-01
8.666633120541843427e-01,3.697096078869324676e-01,2.014807385439995879e-01
8.213475492083257556e-01,4.888353344900556730e-01,1.390087741472497695e-01
7.726008756348170525e-01,6.013837150938967646e-01,1.387905891353991561e-01
6.300123198985242423e-01,7.305173149950913158e-01,2.067808873608626974e-01
4.720874420618452194e-01,9.658866584908250008e-01,2.123836479309103298e-01
3.738187073500672253e-01,9.228611586588397753e-01,2.249501074004365830e-01
1.514068929810754305e-01,1.015967002070426783e+00,1.991633038604932460e-01
5.817325503897673861e-02,9.687364844246076911e-01,2.891087327432501075e-01
-1.368069536756277016e-01,1.035815045714679750e+00,2.006114149521666667e-01
-4.279447090992405389e-01,1.004801855000635014e+00,1.784481034710070635e-01
-5.044478640247397339e-01,8.727134348508750472e-01,2.466116048776572645e-01
-7.277197875302318097e-01,7.760223338131626569e-01,1.309879896491423223e-01
-8.203541555673201646e-01,7.164120929227638657e-01,1.753278543551275159e-01
-8.541714022050996835e-01,4.594154204777761707e-01,2.668575841186503483e-01
-9.808530448986518824e-01,3.595239822708534150e-01,8.642057026962529642e-02
-9.621037125591297423e-01,7.033811377789667141e-02,1.777620700332055992e-01
-9.747251820863379601e-01,1.039177190210118819e-02,1.681818385873209420e-01
-1.017987311701590514e+00,-2.473844719162586470e-01,1.709399017066264292e-01
-9.038521143560542814e-01,-2.859101814170262323e-01,2.477829849894874759e-01
-8.851053826815867831e-01,-4.533451776043596615e-01,2.560882783385193262e-01
-7.118236329415896790e-01,-6.232642797781077215e-01,1.552830360745411642e-01
-6.643366259592121681e-01,-7.528933988884881634e-01,1.090665370251724942e-01
-4.312245320871361254e-01,-9.149378791846293213e-01,1.260336973550360007e-01
-3.916375564099158213e-01,-1.012426760555806604e+00,2.011195645364764473e-01
-2.401899028041756257e-01,-1.004839197612281909e+00,1.765138944903294205e-01
-3.838957303841959018e-03,-8.603894350412906178e-01,9.320668534733136945e-02
1.389987139717031028e-01,-9.526452805415086544e-01,1.309702645523992959e-01
3.679034803726176084e-01,-9.398436568769477084e-01,2.444295676419543928e-01
4.547356766535383121e-01,-8.888631352100140326e-01,2.252742449872086328e-01
5.937786599498166007e-01,-7.554163382701309937e-01,2.964617796588983056e-01
7.598324166123552326e-01,-6.454506736699756608e-01,2.052163877749063892e-01
7.398174861896817944e-01,-5.415325229105912852e-01,1.759061538928163027e-01
8.662833093278077268e-01,-3.373504413557841253e-01,2.337969179538247622e-01
9.616791703970317684e-01,-1.449655561309446949e-01,2.256644769651540428e-01
9.557945362139209644e-01,4.764785923432095227e-02,3.408241433385388319e-01
1.034315659245870878e+00,1.645749827913283725e-01,3.232951914299777574e-01
9.112526608080472323e-01,3.469625991976428847e-01,3.281399941597094028e-01
8.458116731644648167e-01,4.666507642056011984e-01,4.461206192839711759e-01
7.338218123114972347e-01,5.833686098981188950e-01,4.518021774461444817e-01
6.118390914860228902e-01,7.935288518812090297e-01,4.052061739255508055e-01
4.542556586349115189e-01,8.338247336879089922e-01,2.950314856650904094e-01
2.861717037436871114e-01,9.687138894020770330e-01,3.558629125670347282e-01
1.045111148306751142e-01,8.796381396862064106e-01,3.313820047698464166e-01
-7.321619600539319705e-02,9.159478811290846512e-01,3.908300246589560545e-01
-1.962601109567247704e-01,8.755505142088542136e-01,3.314556780239811262e-01
-3.813967735872160203e-01,8.389140188244440521e-01,3.631235049316888785e-01
-4.947114680401238918e-01,8.739610306188690947e-01,3.829561857534741209e-01
-6.352900304469095705e-01,7.267041806544618510e-01,4.321671115775225225e-01
-7.453087231488777498e-01,6.090732384712514991e-01,3.455162780925028487e-01
-8.197960362192259209e-01,3.729349922740778922e-01,3.677022306353001646e-01
-8.515361390393774155e-01,2.899062794604443938e-01,3.108286582845300461e-01
-9.145370779005785877e-01,7.602546240086585638e-02,3.800880639295899921e-01
-1.005778452606767903e+00,3.858648498803502608e-02,2.871353255224127765e-01
-8.416757716483075358e-01,-1.661363307024784908e-01,4.325307480035641694e-01
-1.003852661606675412e+00,-3.518271607190364691e-01,3.710307414445049856e-01
-8.097280759417124774e-01,-4.655787424896603022e-01,3.025454251053441568e-01
-6.555881212505816347e-01,-5.996764736373140225e-01,2.651378553337511712e-01
-6.455301079760686900e-01,-7.553003000806128853e-01,2.916591007546356362e-01
-4.360152042837371344e-01,-8.953799206696974045e-01,2.404709375772481339e-01
-3.412776264997033904e-01,-8.660300771569068301e-01,3.449423751065153754e-01
-1.689630794247993228e-01,-9.132325864187451625e-01,2.897105974747293256e-01
2.384629551955626259e-02,-9.553750878036607608e-01,2.664638174875425536e-01
1.884404246195586219e-01,-8.358120279397177610e-01,3.049162820346804081e-01
3.083345217888089351e-01,-8.412442177724933634e-01,3.150950719279588252e-01
4.200510748656860471e-01,-7.985254031491426652e-01,3.977273287267522606e-01
4.947335434892102257e-01,-6.947503415353455392e-01,3.133235045936773600e-01
6.459124479051971957e-01,-5.832732795202723031e-01,3.430512480212857263e-01
7.938450802493844938e-01,-5.431072215339195486e-01,3.132580348170627693e-01
9.214725554650209371e-01,-4.192545594598995340e-01,3.438831422138722838e-01
9.180902082503766826e-01,-1.630474643027062798e-01,3.167104586365084851e-01
8.037403545099407465e-01,-5.214990838847199245e-03,5.708023275561878718e-01
9.837199383275176956e-01,1.185072853658757364e-01,5.485247421785426347e-01
8.607050360159957947e-01,2.958362341750792046e-01,4.573339891090090759e-01
7.057585278587624744e-01,3.388415109884138632e-01,5.345891196309865423e-01
7.072065222825663078e-01,5.648203298007757889e-01,5.047390050915078197e-01
5.268722874798805744e-01,7.162367237868245695e-01,5.286246997422640037e-01
4.328782226306116532e-01,6.636847012144795332e-01,3.717603172034639747e-01
3.135995201312070657e-01,8.022748401773130977e-01,5.532762320726056782e-01
1.686752772783383370e-01,8.320061879955130690e-01,5.745988622038739058e-01
-7.624634393639535823e-02,9.455316263280755251e-01,5.421407369769760676e-01
-1.754574094255288430e-01,7.449712088706000879e-01,4.667079683015322722e-01
-3.351970830503514520e-01,8.084503186775200412e-01,4.380730708337679524e-01
-3.828341640023660286e-01,7.055576276277443215e-01,5.178073944999858069e-01
-5.404212953340998826e-01,5.824271828183409383e-01,4.634502705080452145e-01
-6.551747239900033160e-01,5.322803037758743194e-01,6.143530611435332744e-01
-7.242424798395032948e-01,4.584096452421254075e-01,5.602972573676732182e-01
-8.553496523386296957e-01,3.468304485469899112e-01,4.193740467745994960e-01
-8.292790937060825485e-01,1.092852629847642226e-01,5.304475989740923270e-01
-8.267537823234033523e-01,-2.611956336110316662e-02,4.704056692887665925e-01
-8.021581612089363489e-01,-8.766034450000712019e-02,4.829349509519517136e-01
-8.504109473256517004e-01,-2.843824551323163030e-01,5.196987194694500101e-01
-7.622490062642864883e-01,-4.866548869793920762e-01,4.523850485269605426e-01
-6.355450817836302280e-01,-5.497543701869924693e-01,4.646631940008583150e-01
-4.988623789529206265e-01,-6.687937046783919426e-01,5.178665590088809001e-01
-5.212823405059654469e-01,-6.333608635240963736e-01,5.115893165101158546e-01
-2.992495115795317795e-01,-8.301100811884294384e-01,5.052422653921514462e-01
-1.548833057451507456e-01,-8.674161425498098099e-01,5.404222593167029576e-01
-4.505292819297884721e-02,-9.304159318249132227e-01,5.608071057965768880e-01
2.078054107528344852e-01,-8.088998885093885427e-01,5.556829906034758126e-01
2.626900002890392161e-01,-7.985896574514950164e-01,4.554033181210702108e-01
3.585108315205236540e-01,-6.704612807539711561e-01,5.253713520837461903e-01
6.194325304314570735e-01,-7.147420828807429238e-01,4.250133846378361113e-01
6.446592101720352019e-01,-5.354225805618332279e-01,5.837922952320148129e-01
7.791303819531918418e-01,-4.161848142038226950e-01,6.005104929112584644e-01
8.591502782307260944e-01,-2.500118616890391610e-01,5.161645669534563607e-01
8.090578091277085271e-01,-2.485757605300096817e-01,4.384701520569539435e-01
7.994828216947135191e-01,3.770062019607519493e-02,6.587340718229690584e-01
6.779552319940924665e-01,1.052601225195839152e-01,6.550066023221527978e-01
7.694496612182997186e-01,3.321215043573583769e-01,5.834805232955131427e-01
6.998939538066875077e-01,3.739645491890846718e-01,6.943383195132869501e-01
4.879208152582812930e-01,5.646829856904642675e-01,5.943817844770979963e-01
4.651788969119776129e-01,5.914544591964278064e-01,6.335746652417958424e-01
3.529168276216114730e-01,5.877328350477144525e-01,6.099711485203058725e-01
2.206712862666779518e-01,7.425458290610260637e-01,7.094363734046491565e-01
1.425638848277456239e-01,6.132970338528692666e-01,6.152603283897132291e-01
-1.405174654452398184e-02,7.583344053093297177e-01,6.019940629663018683e-01
-1.569774658084841512e-01,8.163320888802130249e-01,6.614971323854340612e-01
-2.713138007599922297e-01,7.946816876839748467e-01,5.946369707167601382e-01
-4.075736342100900189e-01,7.670294295623256708e-01,6.431481240111051045e-01
-5.066842226997398946e-01,5.460626509903319104e-01,6.652760130210508827e-01
-7.215885306466698346e-01,5.551565065625058137e-01,6.598840135760647430e-01
-6.860277983289343462e-01,4.303100345731577514e-01,6.295430672099002756e-01
-7.613976982456241993e-01,3.783909825900046986e-01,6.414695089518610560e-01
-7.697858915059442309e-01,1.024011448922237943e-01,6.079949382761381527e-01
-7.111678060058502782e-01,6.434179970638428947e-02,6.934189126178545992e-01
-7.295144464643876780e-01,-1.983963543073499203e-01,6.086749921234072547e-01
-6.783848775494872863e-01,-2.618215797801765610e-01,6.699640895538498953e-01
-6.886202069531421888e-01,-4.115086153453777484e-01,6.690717087497796145e-01
-6.983805252919449424e-01,-5.099241327129215851e-01,6.507857955462481581e-01
-4.572951996060882207e-01,-6.040533992355545667e-01,6.180833782631206530e-01
-4.339342861709065691e-01,-6.371684843088288863e-01,6.330790989729404572e-01
-2.358093382908559021e-01,-6.789628129279755564e-01,5.286662233759764629e-01
-1.096122315410362758e-01,-7.376683855595145278e-01,5.670436235691010962e-01
-5.312307322431632228e-03,-8.001166784941308174e-01,6.031830082852627228e-01
1.556474015558498847e-01,-7.751957329453638135e-01,7.096607015148708175e-01
2.695054839186116769e-01,-7.619091793902346144e-01,6.812707035125149524e-01
3.848303177719289980e-01,-6.465173028083517348e-01,6.779146181504248636e-01
5.079159701400500770e-01,-5.547452697208979933e-01,6.401129534272637089e-01
7.153335018262377831e-01,-5.224584745209940317e-01,6.201636799814600476e-01
6.465510928458751971e-01,-3.317958745792216613e-01,5.212770806109499055e-01
7.023558270271430537e-01,-2.842617542579297663e-01,7.023436009461547780e-01
8.248505985272004404e-01,-2.353026239678058795e-01,6.033410353853358998e-01
7.105104017638685932e-01,2.370374952933311866e-02,7.853659412840194864e-01
5.409405147000687641e-01,2.109629278674787778e-02,8.024526833442056084e-01
5.858064833079033029e-01,2.054999358040502933e-01,7.474175430396154951e-01
6.414925635393315950e-01,3.497246759374683100e-01,7.725485974806269862e-01
5.613130933130684452e-01,5.250258539378289679e-01,8.017790667197286503e-01
4.527045072937889714e-01,5.024258278838416025e-01,8.530675830062343090e-01
3.251851731464468487e-01,5.338786353049107536e-01,7.527523910289853903e-01
1.564359112338034596e-01,6.134918956188348815e-01,7.711985444995498318e-01
1.094054848848532019e-01,6.305308526340199782e-01,6.992785833213711610e-01
-4.308862250673201055e-02,6.823046631613585156e-01,7.704908464472975949e-01
-1.568591789803926995e-01,6.068038251269401995e-01,5.922829309771460160e-01
-2.367898394473342827e-01,6.853147100491407961e-01,7.814744621726529283e-01
-2.897395037936832951e-01,5.443949676221446765e-01,8.199075821819017396e-01
-4.557859200827559798e-01,4.479390792755998385e-01,7.489299537741810342e-01
-4.916943986926644028e-01,4.632846430435723084e-01,6.968421439984662236e-01
-5.049430915753612137e-01,3.353850064263281805e-01,7.049159648222675933e-01
-5.968018641025188975e-01,2.020141430985792352e-01,7.669516642335351131e-01
-6.170807840801736388e-01,1.149108270076990984e-01,7.227935197247246091e-01
-6.236259033398041662e-01,-3.646614936663065965e-02,7.524900049807563551e-01
-4.931071937488284984e-01,-1.360864321825122347e-01,7.400763933792920968e-01
-6.837214909643077876e-01,-2.279287063787738543e-01,7.048050400901504364e-01
-6.224116952143744497e-01,-3.329769590951588421e-01,8.358859891266017250e-01
-5.139682563371232860e-01,-4.333064869682259346e-01,7.791439614970442351e-01
-4.746030389226502111e-01,-4.758219986545118019e-01,8.824770748832855283e-01
-2.672107802964586165e-01,-5.844529044967038400e-01,7.599021260103234754e-01
-1.297802777328759261e-01,-5.550427105169903896e-01,7.729664869418040318e-01
-1.440592742605706078e-01,-6.535221359254348439e-01,7.837132711064265234e-01
-1.106710526840947867e-01,-6.618255205712252343e-01,8.152410534186942392e-01
5.580402238421461325e-02,-6.632656347029299848e-01,6.849565111453879140e-01
2.739085073929097280e-01,-6.315797414557585698e-01,7.881796213045328958e-01
3.551966774209841526e-01,-5.713050610738220625e-01,6.898835198445816275e-01
4.886994667898086342e-01,-5.374490628976995588e-01,7.706664345005104222e-01
5.184752906721805665e-01,-4.621385607963509057e-01,7.302365993413048040e-01
5.934960591324023316e-01,-4.030034084904783320e-01,7.450129297160957842e-01
6.244211783619870726e-01,-2.729170570993233458e-01,7.880270030493691236e-01
6.593821616321575707e-01,-1.329436857804158489e-01,7.451075579431651885e-01
5.389028262467133734e-01,9.671695492251625170e-02,8.869975069392136424e-01
5.067715517838471406e-01,2.807568027817090861e-02,7.885548102348101107e-01
4.957976436018006194e-01,1.886333111083687286e-01,8.270157464132478209e-01
4.628318780188038217e-01,2.697064602674764666e-01,8.796262799662222243e-01
3.467202613436777825e-01,3.277593346384619633e-01,8.714199768160567627e-01
3.657055286164671015e-01,3.781486007481678069e-01,8.714990254058296859e-01
1.703926867628048347e-01,3.769097693522799331e-01,8.882788753147291549e-01
1.318594893298400961e-01,4.833645429561427287e-01,7.271942529579291659e-01
4.584509196824548133e-02,4.917936953336962125e-01,8.237318737531157398e-01
6.066078334804340944e-02,4.848765187532416143e-01,8.656529780950129593e-01
-1.186560998501385578e-01,4.494923790756137905e-01,8.967418407305136618e-01
-2.455804584651980482e-01,4.716211040734522575e-01,9.398828591886418948e-01
-3.017354554862001770e-01,4.993738022009629463e-01,8.291954245477656249e-01
-3.252623288107517330e-01,3.837750998099623279e-01,9.078562043652826929e-01
-4.047899787115815662e-01,3.380159968213347077e-01,8.276692050091998265e-01
-4.903384165381338700e-01,1.593652890724521765e-01,8.279039423063668801e-01
-5.650424309037996862e-01,1.115439396130131489e-01,8.246454422119301464e-01
-5.343976781723043246e-01,2.512818623317626676e-02,8.306671678938738479e-01
-5.213782531011817989e-01,-4.312352338387755862e-02,8.230149401094938311e-01
-4.940374889366344058e-01,-1.034766991066042724e-01,8.035122175830101687e-01
-4.311703954413744211e-01,-2.314058440620675727e-01,9.141712916995514693e-01
-3.525516217584923062e-01,-2.534731856725658261e-01,1.001540029892953321e+00
-4.024686079783607595e-01,-2.650263430868005088e-01,9.537704397065123185e-01
-2.966147960334334921e-01,-3.497778191424874006e-01,8.014755592535615092e-01
-1.530318245560946255e-01,-4.473714410067591296e-01,8.208883717423011150e-01
-2.108243938388770222e-01,-5.244892292062609540e-01,8.270673722426852281e-01
-8.400169373805238537e-02,-5.426377680441237805e-01,9.718910306465273763e-01
-7.056994341305912466e-02,-4.644584743926713499e-01,8.494722333766251410e-01
3.258211709745223450e-02,-4.738240324119539215e-01,8.890168933200511825e-01
2.013197689393934064e-01,-5.136088598700898622e-01,8.315124503992922245e-01
2.751168588214819577e-01,-3.827784293589242548e-01,7.751576848534980080e-01
4.202121752813097744e-01,-3.489406238867353016e-01,9.310361451385451570e-01
3.154641530016735751e-01,-2.944531326189659404e-01,9.124750433343136180e-01
4.519915062145613005e-01,-3.410190592348847916e-01,7.682793302281090142e-01
4.951220639356044839e-01,-1.939935827347867292e-01,8.790718480480343988e-01
4.547562575576936661e-01,-8.515492342215609523e-02,7.728916251227813117e-01
2.860923539505537683e-01,-1.387607898815840885e-03,8.736357761507238529e-01
2.813585496009270992e-01,7.741203714377027645e-02,8.819846929559093107e-01
4.005836487338504948e-01,7.063872813328490874e-02,9.756763050314852803e-01
2.130696505841438992e-01,7.132190780893656046e-02,8.711450821462194405e-01
3.420810611305175053e-01,3.268780043722140372e-01,9.013754976066700175e-01
2.302418848715882260e-01,3.015324001700219192e-01,1.004296521034226952e+00
1.331549973793831609e-01,2.283826614140064271e-01,9.567202394330734938e-01
1.068931492669342176e-01,4.010392503953118526e-01,9.063684060410428511e-01
9.483440800364208167e-02,3.212386748801538960e-01,9.987177833003844096e-01
1.937093413672334036e-02,3.175594171797448406e-01,9.647414369612500318e-01
-1.394261643276057117e-01,3.457274213528844231e-01,8.834853366010075870e-01
-6.855394668351930121e-02,3.861324147098266213e-01,1.072445538945457022e+00
-1.579262420619540475e-01,3.031283680058252661e-01,9.211758656555804059e-01
-2.395944142534896792e-01,2.910211808558174074e-01,9.498172841343839323e-01
-2.219920105076187700e-01,3.739388804612631123e-01,9.074984781090481567e-01
-2.986671002915161632e-01,1.123287698091554598e-01,9.058278677493409869e-01
-2.898158593730381094e-01,1.333552754717562683e-01,9.764557117959771215e-01
-3.043254831424193063e-01,4.765809186512914852e-02,9.538065375730798712e-01
-3.206966348261890420e-01,-1.073490106700646096e-01,8.679979941601251303e-01
-3.523881972534370077e-01,-1.466500993745140369e-01,9.385850668692128362e-01
-3.189173216424885937e-01,-5.688029717498419013e-02,9.609136432578049281e-01
-3.183622339012295854e-01,-2.440899741694270153e-01,8.862252861429884554e-01
-3.417088425219781400e-01,-1.899820104870784121e-01,9.195078683159186861e-01
-2.592634328381669961e-01,-2.282818539483313647e-01,8.790038649531780601e-01
-1.646356571358034704e-01,-3.578639483391354292e-01,8.995635096833953792e-01
-1.038724626654851518e-01,-3.148427238068793876e-01,1.025720537316978209e+00
-1.339433861053365982e-01,-3.341823579845183967e-01,9.662314227623707286e-01
-1.040221215956318480e-02,-3.414674552806097330e-01,1.004260680259175142e+00
1.091242312035198003e-01,-4.031307752958980806e-01,9.624931227905305642e-01
2.973426504045266483e-02,-3.103582036674328304e-01,9.073863781412961904e-01
2.456169383919956373e-01,-3.259260063501521754e-01,9.001789897795744455e-01
2.277560375186648278e-01,-3.007654854210629614e-01,9.165418792817980886e-01
3.799781177444368496e-01,-1.308054546375695681e-01,9.142684636241635854e-01
3.614624006523199928e-01,-9.876489362692081331e-02,9.311667191787770248e-01
3.086239455028633172e-01,-1.449966530564986422e-01,9.395119738610864246e-01
3.318919311513487957e-01,-5.434800891443102716e-02,9.918477583933199559e-01
1.707125448573382220e-01,8.467957046855145720e-02,9.870000258961157957e-01
2.039945485330623143e-01,8.301108987317358523e-02,1.084250849620453483e+00
1.942604150018165665e-01,7.755022300972276572e-02,9.933824223257251562e-01
1.610402012219079027e-01,9.706252035021629976e-02,9.240538666079114449e-01
9.919878672091687888e-02,9.925322709813730326e-02,1.053538004608261414e+00
7.130785477675034845e-02,2.030172852979698073e-01,9.967541844687666241e-01
1.387294819375670119e-01,6.846812843209292010e-02,9.735756066278116183e-01
7.375733598790532031e-02,2.504287020120644636e-01,9.804092801124406620e-01
7.349911893134694618e-02,8.672549204688015378e-02,9.510900610360131235e-01
-6.318919901170563791e-02,1.478323035797145246e-01,9.649298124888054939e-01
1.234384347768827106e-02,9.163751691558713608e-02,1.034511348737718217e+00
-1.166367428413503937e-01,1.861900885977506304e-01,9.443846165249601965e-01
-9.419720588291294328e-02,8.972156275743825571e-02,9.960607043651469317e-01
-6.667020821924557472e-02,1.068215841158337842e-01,1.049922725738170470e+00
-1.140265225981260400e-01,1.794107161058690614e-01,9.441205822747167353e-01
-2.502389523052219178e-01,1.067691036552614881e-01,1.055118964886290867e+00
-1.133077401309658394e-01,-1.749407411561267750e-02,1.007184100372860991e+00
-2.008420804251619673e-01,7.124449732402216712e-03,1.076433794741985750e+00
-1.691029316972449681e-01,9.422208493826290943e-02,1.023016716170602303e+00
-1.951870256598906839e-01,-1.634437641531841234e-02,9.090035470788538907e-01
-1.808773334375394226e-01,-5.838212391980639182e-02,1.014905580052901879e+00
-1.041807746362565790e-01,-7.695401244995261902e-02,1.024720408543041916e+00
-3.703217274022786720e-02,-1.328273624080577586e-01,9.518499512667143447e-01
-2.644177995676635917e-02,-1.701006702126714731e-01,9.935206382915210410e-01
-6.079966843385876257e-02,-1.753254270599605424e-01,1.049115655343311415e+00
-4.541130337245537912e-02,-1.812939630941476643e-01,9.908330866707942830e-01
1.169566738648347703e-02,-2.636850947882994900e-01,1.039413105454098041e+00
-2.159155197627407249e-02,-2.022985544751985387e-01,9.860788138714465800e-01
4.438967948415896425e-02,-9.421414759718771403e-02,1.023270783051068777e+00
6.037624214358161545e-02,-1.368622099491668131e-01,1.039489600032225347e+00
6.105308723484795252e-02,-1.048760725242876696e-01,9.257716070034228695e-01
5.232891815023713727e-02,-1.351846350331960267e-01,1.023527181980566247e+00
1.605637005443905641e-01,-1.763204972783974367e-01,9.896317569282988558e-01
1.846316066016791824e-01,-6.303522982304729516e-03,1.008299586246558022e+00
1.939698881441295486e-01,6.919263227696209606e-02,9.219380479621381852e-01
1.373828951913413365e-01,-4.155080574416644690e-04,9.802746129887113247e-01
-3.054589107205522847e-02,4.808376872828019899e-02,9.430014554795033144e-01
3.993684594535592408e-02,-1.883530097216638138e-02,1.019329209287338500e+00
-3.871771154478290816e-02,2.065709573535122814e-02,9.184857453831214436e-01
-1.157327967568204472e-03,-1.240162427693123313e-02,1.003658756677221930e+00
-1.876232899468036758e-02,5.181694653980188636e-02,9.202714699260869935e-01
-3.148898662051430319e-02,-9.869630496943669618e-02,1.028836592943338735e+00
-1.038736955815486307e-02,3.664353190798588095e-02,1.018592220984183561e+00
7.021871517655173256e-02,1.309578150882358474e-02,9.087236027936824723e-01
3.964850388659967723e-02,1.019416336279769901e-02,1.036415944562067981e+00
6.872866819691129947e-02,4.582677473527538292e-02,9.927512581180869544e-01
-1.413661261011442231e-02,4.896417814949678010e-02,1.016223577362620478e+00
-5.634400082077740263e-02,-2.877527477739977996e-02,9.130447858436454567e-01
8.990747414443514551e-02,-8.009995894959144602e-02,1.076271012067037347e+00
1.446101214530564477e-02,-4.846748927226453285e-02,1.024286367043784729e+00
4.571749669277701961e-02,-7.684865743203633803e-02,9.659267653378401652e-01
-1.472124710519192095e-02,7.562087995666033624e-02,9.687034831843741589e-01
-4.955349743743042712e-02,9.377686860689009307e-02,1.041067839593128985e+00
6.377846698076178843e-03,-2.024455634491616196e-02,9.229541110949743832e-01
5.088908317281119406e-03,-4.576024444414154152e-02,9.328537732491893886e-01
2.194510260969497265e-02,5.043974352193299378e-03,9.784992113392412261e-01
-9.048053836172388620e-02,-4.399384228863557553e-03,1.056297165850041964e+00
1.618846292364849171e-02,-3.685938966937678946e-02,1.036292198340346138e+00
1.135039616044803135e-01,-2.544453388800550688e-03,1.100647978230519630e+00
7.099081178670049730e-02,-5.969873053204913238e-04,9.905182788216165823e-01
-3.514559226500375833e-02,2.433408387972190584e-02,9.733452487264667718e-01
-4.196094605583529369e-02,7.729279551160724016e-02,8.840434477870909857e-01
1.085627871235067543e-01,-1.917530548593054940e-02,1.102448571109496012e+00
-9.441700169463398962e-03,-1.315672271332117733e-02,1.017806532328533686e+00
-5.007991909266055336e-02,-5.603972850135661987e-02,9.926522044268267786e-01
-6.018969393478039442e-02,-1.744924140206807750e-02,1.009350077682697799e+00
4.755097525552992414e-03,3.904888957066130623e-02,1.086867650114333728e+00
1.304885974496715296e-03,-1.345228868087914274e-02,1.028269350316671993e+00
2.710791140377928968e-02,7.880924293470863151e-02,1.010717279793709400e+00
-1.792258081527018342e-03,3.452956412958976817e-02,9.706966769075220380e-01
3.752117822783601619e-02,6.159498289657210773e-03,9.915031341806146425e-01
-3.597109315499086302e-02,4.517080997178186952e-02,1.069690804431933984e+00
-2.543026193248534295e-01,9.256504216483010805e-03,1.017275676132199047e+00
-2.248440982585944437e-01,1.161919718603091067e-04,9.522461403765447585e-01
-1.704911084325490822e-01,3.895637926362716108e-05,9.999447865021803272e-01
-1.308764413888076072e-01,-1.030218176487013304e-01,9.533373744512122494e-01
-1.945918308019873866e-01,-1.149344384256916485e-01,1.050402433858037554e+00
-1.454017551525120522e-01,-1.213315952554631094e-01,1.067237500259796912e+00
-7.620951883624448031e-02,-1.425964990728185444e-01,9.868676362062108742e-01
-4.061609836593460532e-02,-1.860517241878497652e-01,9.977522962740559276e-01
-3.636440433775074005e-02,-1.588420038370699783e-01,9.146470670608971565e-01
1.359390122080638037e-02,-2.014631232817788720e-01,9.931890022138939456e-01
4.691925785416298927e-02,-7.561807117604485429e-02,9.762128035789598979e-01
5.028084904791285670e-02,-2.271798081396937952e-01,9.743333429177383209e-01
5.732810560892238894e-02,-1.075555814577013880e-01,8.388031325580218578e-01
9.324989315371239040e-02,-1.280304675824776306e-01,9.794204714011703894e-01
9.683123648755881385e-02,-6.239983880459167714e-02,9.248752965783376689e-01
2.287673642370059990e-01,-1.168703547152847855e-01,1.011822376629058162e+00
1.795058964381241462e-01,-9.383643203845618008e-02,9.681086724727517856e-01
2.065765550718648424e-01,-3.197264991677280233e-02,1.020858825800818437e+00
1.707906445914900151e-01,-6.578346597084666625e-02,9.324117953239134948e-01
2.122897815509574571e-01,1.237217445212555542e-02,1.062777844031207231e+00
2.388078333384116292e-01,4.900004681238402660e-02,9.379749874855152214e-01
1.721435679301020483e-01,6.241990975585250123e-02,9.688711976677812920e-01
8.929758033426508923e-02,-6.021807265807617437e-02,9.434116587684481248e-01
1.454720259271805316e-01,7.647511894512790120e-02,9.506361257390130159e-01
1.381315053751861477e-01,1.824933958493304420e-01,9.976205883529553065e-01
8.292447959591314754e-02,2.415627694034655215e-01,9.520510583937127347e-01
1.146738072526010122e-01,1.505734594834537698e-01,1.017087108113398086e+00
-5.776385790416721511e-02,1.508320614494206846e-01,1.047475483839254817e+00
-1.621849588417927368e-01,1.715286564188698015e-01,9.584395357052988285e-01
-5.287532140871103320e-02,9.103655668145978208e-02,9.344791783988537492e-01
-1.585118887995206893e-01,1.527753819341602370e-01,1.010558146818669956e+00
-9.524135161663772886e-02,8.279955721415321879e-02,1.016637314540045134e+00
-1.442197041327238360e-01,1.501949068299158196e-01,9.839881928309114345e-01
-2.111820209886876576e-01,1.042931303814166460e-01,1.062434460450897511e+00
-1.899247866287447351e-01,1.368764256381243827e-01,9.763001926132246489e-01
-2.028729415649800638e-01,5.093730492612589394e-02,9.800114587513606423e-01
-5.063159342153920051e-01,4.063207134063494264e-02,9.204213915453700601e-01
-2.790279751194942315e-01,-7.317161461738178052e-02,9.679165977920748398e-01
-3.606338752390997326e-01,-6.285295836328645691e-02,9.865643995966149049e-01
-2.287166752290153426e-01,-2.113936700189817663e-01,8.933418603966507554e-01
-3.943567622266499484e-01,-2.477317349347175623e-01,9.539362646857424410e-01
-2.284988555333026528e-01,-2.717347851483812859e-01,9.854250293236502811e-01
-1.888023062051106815e-01,-2.821640993567873790e-01,8.821054379499719822e-01
-5.091398898584176269e-02,-3.967650635151990235e-01,1.026335822952775922e+00
-4.463401721004941342e-02,-2.608034374270080114e-01,9.102953942848229785e-01
-2.497991808095992999e-02,-3.584316750372733007e-01,9.971642463811757340e-01
1.825925717976590451e-02,-3.229952021942535390e-01,9.635917892460384993e-01
1.607979933591952293e-01,-3.449959603796041163e-01,9.036904340780318456e-01
2.121859536143774205e-01,-2.281724141449045784e-01,8.573738862160842356e-01
2.150694123748849163e-01,-1.715742892667965203e-01,9.006160754255806422e-01
2.962142546458540471e-01,-2.020862623817921699e-01,9.369849727583520194e-01
3.583530019846571935e-01,-1.922321090369481233e-01,9.056004983848792156e-01
3.028233892449446740e-01,-8.743893773875974218e-02,9.180163392688179824e-01
3.695022776320573410e-01,-9.186000752858750062e-02,9.879184001774512502e-01
3.323407873762453391e-01,-2.728848726636787930e-02,8.682996340142716818e-01
3.456959995478490755e-01,4.057748264311565600e-03,9.114899763607420269e-01
4.104457445063913190e-01,1.123997558086048815e-01,8.918938358237525899e-01
2.733214955536126256e-01,1.660553110449271008e-01,9.932537400567595931e-01
2.729929677461759296e-01,1.821683089453401128e-01,9.755511873260706013e-01
1.730784771157438395e-01,2.004094239065405403e-01,9.066870484051778867e-01
1.461652467950018686e-01,2.684248612867988770e-01,9.873036033107358556e-01
1.650096420633050953e-01,3.372340571522353114e-01,9.361872377076709828e-01
1.067499021357971312e-01,3.415263721022431809e-01,9.026851658048448135e-01
6.008093269696439254e-02,2.866654865557302645e-01,1.044754271372661858e+00
-4.266556937675963779e-02,3.656972912581589186e-01,1.027802847251688911e+00
-7.927749084454621675e-02,3.520657538285850707e-01,9.433946794681243864e-01
-1.552928506355242544e-01,3.082349744161440031e-01,8.709362162406277807e-01
-1.816727336160333384e-01,2.739938448786975456e-01,9.512663992285923520e-01
-3.029073923715470684e-01,7.897967500905189731e-02,8.195334738655266626e-01
-3.392491475987004512e-01,2.340297750770856111e-01,8.744748137121503007e-01
-4.489754182046039599e-01,1.008610229738308439e-01,9.836574026718476471e-01
-2.838176405557343296e-01,1.676114404269786473e-02,1.027762296115709795e+00
-4.573744222064807241e-01,-8.158518694911583158e-02,8.765834180440335022e-01
-4.495818893174785558e-01,-1.823396179397598904e-01,8.925149128659938258e-01
-4.465286496380931336e-01,-1.703534467042620015e-01,8.280431803578739425e-01
-3.778250800840513568e-01,-3.053344612196040586e-01,8.500594880804638320e-01
-3.170320774116511808e-01,-4.360035584432475630e-01,8.203710642868099479e-01
-2.402629967337283623e-01,-3.423174845221657048e-01,8.533294462176611583e-01
-2.772561217038513881e-01,-4.129321997132829325e-01,8.914823345879682170e-01
-1.776488348712883802e-01,-4.352327174713995772e-01,8.404525834167740905e-01
-1.237022313167687182e-01,-5.068416891054455808e-01,8.847138745964335804e-01
3.221905202077571424e-03,-5.270550535544002990e-01,8.969230047962786223e-01
1.617789887246136593e-01,-4.930420470435672442e-01,8.665574098743324960e-01
2.604661399843225533e-01,-4.236720827252319355e-01,8.928167843819737604e-01
1.981842034264046093e-01,-2.940985020485195056e-01,9.563670160012234245e-01
3.372047873406820995e-01,-4.151371356451002970e-01,8.179020527895426440e-01
3.956659566506617876e-01,-4.020863742974750132e-01,7.888471569415100859e-01
4.248055383422194020e-01,-2.392843379147111815e-01,8.702113024790613105e-01
4.738701625176819365e-01,-1.689957755687128693e-01,8.591966263614295718e-01
5.638990692062327836e-01,-7.908129406498673464e-02,8.772619346436079102e-01
5.006148661357576746e-01,-2.756786330116530251e-02,8.682481836843607415e-01
4.160624957065154339e-01,8.992243542445632620e-02,9.394879256261510214e-01
4.601694276352742419e-01,1.868646323518071140e-01,9.350593470051955514e-01
4.711588579152609091e-01,2.587972811751614310e-01,8.063974545757053303e-01
3.419964806061048801e-01,2.211676223985942491e-01,9.137204775563786407e-01
3.384850830647193609e-01,3.728224002465359010e-01,8.535470255338064582e-01
1.881321491588821559e-01,3.765483256947761426e-01,8.416483591085797134e-01
1.607030640010985445e-01,4.239735620825294538e-01,7.756756883131340485e-01
8.348824229557169629e-03,5.097193230720379331e-01,8.127670943968536843e-01
-2.581443744877292331e-03,4.322621603662386014e-01,8.551812931635199844e-01
-4.514174200231801243e-02,4.635499707708539141e-01,9.005194526042209491e-01
-1.424924559845630045e-01,4.780885301072457239e-01,7.883751911832170833e-01
-3.182576086615452327e-01,4.396690948648833142e-01,8.780542691002466427e-01
-2.555347671231806284e-01,3.936537578988172914e-01,9.180727818526646100e-01
-4.390076115574530480e-01,2.294402639807405220e-01,8.465302658765190280e-01
-3.908316594496373253e-01,2.257626897516407105e-01,8.910566663611395599e-01
-4.067711001540667004e-01,1.997539940776806300e-01,9.524698581546546805e-01
-4.754186268026157069e-01,1.021047192898897199e-01,9.337108168637866523e-01
-5.391446843661149568e-01,1.475054755699096304e-02,8.134128369375341894e-01
-5.816947397725659163e-01,-1.064647640284345775e-01,7.415626859377950630e-01
-5.499232927009181093e-01,-2.409386939110988168e-01,7.902761480180694464e-01
-5.894724260819758088e-01,-2.503786925630617777e-01,7.022328454759229066e-01
-5.570584733298987734e-01,-4.833342338556059214e-01,8.090378039619227080e-01
-3.715361050851309077e-01,-6.336988030235003455e-01,8.255597070585742880e-01
-3.116763583167758700e-01,-5.185521044174535854e-01,7.679685680794026137e-01
-2.351677434683242807e-01,-6.785302371521011455e-01,7.735415525379947255e-01
-1.442578883087737851e-01,-6.746721568638871513e-01,8.140639616554036229e-01
6.442477813810423837e-02,-6.115460573921404075e-01,8.763416013144539329e-01
3.845967725319272834e-02,-5.831059785299049780e-01,8.959157973543494524e-01
1.737075187155295297e-01,-6.617078694477510625e-01,7.604552791768137698e-01
3.770490125700994843e-01,-4.928517609477283123e-01,8.171205176868698850e-01
4.079122369070023457e-01,-4.488742488695789401e-01,7.357073236667418525e-01
4.814487407780667638e-01,-3.961352556950406001e-01,7.910688391641715889e-01
5.741473123418566749e-01,-2.746299616058227588e-01,8.247771313864096232e-01
5.864189050343754372e-01,-2.530173552967566186e-01,8.262497627320473104e-01
5.953283919989218465e-01,-9.115771142858518361e-02,8.082736798190477412e-01
5.630264785619285561e-01,1.600098434138217951e-01,7.845752310918068240e-01
6.056266064893112144e-01,1.774210171457210050e-01,7.395492859340973002e-01
6.354923462325005046e-01,2.298860771365921207e-01,8.465316701799242560e-01
5.386720438958579882e-01,2.812063337850448375e-01,8.365622541588345618e-01
6.194069562304449494e-01,3.276665497961816498e-01,7.666302698466506138e-01
4.531890008791078506e-01,4.731965350435810014e-01,6.405776550679976866e-01
3.227442811102156361e-01,5.592442170729470252e-01,7.854902403475544359e-01
1.280791200376028005e-01,6.465718243956042333e-01,6.407950753144528999e-01
8.033996420750807999e-02,6.575270267897992404e-01,8.183294141601938909e-01
2.605641116530015705e-02,7.552090003019106268e-01,7.987380723629629031e-01
-4.041374421669724493e-02,7.096657416882976577e-01,7.419386252480253408e-01
-2.091918657558110850e-01,6.257958353424727393e-01,7.401496419468063248e-01
-3.588990031255838709e-01,5.955891673033798517e-01,6.973349305993039593e-01
-4.170367850765921425e-01,4.727591408490250391e-01,6.686238163906369492e-01
-4.590036970433657437e-01,3.372836273507581195e-01,7.240356289811056278e-01
-5.895803015029306149e-01,3.544168098065706984e-01,8.203993472255374231e-01
-5.409713221189348387e-01,2.359284403634568372e-01,7.625697668873164803e-01
-5.803359733994504221e-01,7.319416166472283991e-02,7.578920272099465283e-01
-7.411152953055631931e-01,8.098681105586605367e-02,5.658538991540663643e-01
-7.115443335360921440e-01,-1.939670114694776459e-01,6.440835799677497864e-01
-6.957146135714690205e-01,-2.362766111214950893e-01,6.821651371663799424e-01
-7.521493359070835494e-01,-3.847834956929200856e-01,7.400221178795108878e-01
-5.675870000057418041e-01,-4.944788618379792333e-01,6.019087922257509993e-01
-4.309503500522837149e-01,-6.094139543335134190e-01,6.541456595084629289e-01
-3.324267572664844073e-01,-6.859331021528144445e-01,6.127661924064335963e-01
-2.480387062809187582e-01,-7.276409883596600681e-01,6.263722048236446405e-01
-1.748545555104564497e-01,-8.418913823231850557e-01,6.025944182495592827e-01
-6.490031161727724540e-02,-8.269421842379007792e-01,6.490480268211820114e-01
2.064370039709750304e-01,-7.138910914748467507e-01,6.536003453568484112e-01
1.746505147629434096e-01,-7.344868310024346147e-01,6.858613339067065606e-01
3.781823910347099638e-01,-5.934205595296934144e-01,6.022088140158682323e-01
4.558367746542838495e-01,-5.214464951171655649e-01,6.028376427904056367e-01
5.723647239126659070e-01,-4.712224857823793522e-01,6.783232248506636530e-01
6.710789109679510256e-01,-3.832363325211697869e-01,6.513495585697147705e-01
6.536536401046462164e-01,-3.032838690186864805e-01,6.692636751510943061e-01
7.316074420280455071e-01,-1.134730137655623750e-01,6.520979605597365669e-01
8.146711843070905124e-01,7.210472040772843150e-02,6.658827996593176257e-01
8.279460685161998956e-01,1.414909586871087588e-01,5.431344310801036190e-01
6.902573944696457353e-01,2.199328305262548688e-01,6.889823654112634532e-01
6.822660865486291915e-01,3.861728504218159275e-01,7.269835603911047883e-01
6.345720304578408300e-01,5.554518470183439360e-01,7.117576002720006345e-01
6.089638496698461800e-01,6.029330882357040178e-01,7.063787066427047456e-01
4.125840156221874944e-01,6.289647152123949425e-01,6.921268962399130809e-01
2.562717376666212576e-01,6.496564173508178053e-01,6.959031493449759909e-01
1.566915000403310554e-01,7.575934703051667718e-01,6.406536004659759698e-01
-4.068808725602576434e-03,8.690699614782534388e-01,6.831284609859683554e-01
-1.001129636398098433e-01,7.401830893007945722e-01,6.714548238197304286e-01
-1.565908808812718767e-01,6.796672464945350267e-01,5.430485441869095098e-01
-4.116236754693424205e-01,6.804982843434409512e-01,7.278859926630483201e-01
-4.525541796743292045e-01,5.270112220564733274e-01,7.375943853394671956e-01
-6.302047880480430297e-01,4.829159521991693849e-01,6.655515129585601874e-01
-7.718102057645643832e-01,3.626966539126503797e-01,5.919667346316364043e-01
-7.242182495519289276e-01,2.295529736470812987e-01,6.467792206051073967e-01
-7.370086202487845517e-01,7.348995306086159029e-02,6.020546047266499556e-01
-7.991941604420278455e-01,-1.021328169989764272e-02,4.963684351934553041e-01
-8.383103846568462636e-01,-1.614842529451588071e-01,3.977105781318553968e-01
-8.361905763008160575e-01,-2.572168201694899348e-01,5.015439322582525561e-01
-7.533322871414064315e-01,-4.249215336037561741e-01,4.553966546975983798e-01
-6.511764219173831192e-01,-5.297630698528129622e-01,4.852614637147181220e-01
-5.605488094607543603e-01,-6.787207193206710176e-01,5.303562642219199486e-01
-3.826429966542518879e-01,-8.340934213426492994e-01,5.010726940253836803e-01
-3.731169342474366379e-01,-8.863850634125440831e-01,4.568478198560143033e-01
-1.768160877689070043e-01,-9.127138551355230556e-01,5.441095138738289982e-01
-6.965264971030199481e-02,-8.071160308118169313e-01,4.545094370343483736e-01
9.375976262518036231e-02,-8.702343334554488719e-01,6.027231732421558519e-01
2.951583246054237941e-01,-7.576122905443067879e-01,5.408619210796346000e-01
4.011567276905390611e-01,-7.278568819835123938e-01,4.432489963004905276e-01
5.556561376572567434e-01,-6.394605028526970658e-01,5.230312944499815320e-01
6.761336786586376046e-01,-6.268416965131180518e-01,4.893063321510605634e-01
8.260645898278945465e-01,-5.809724039066619383e-01,5.346587220710690147e-01
8.391001230010490808e-01,-3.424375083614178972e-01,5.108758679584940454e-01
8.525275426908236476e-01,-1.522141348626303847e-01,5.199456039452521328e-01
8.876725728357867107e-01,-5.542827761275979925e-02,5.023793042006533538e-01
8.612960460029083221e-01,1.315964134230137583e-01,4.619474318393129719e-01
7.968172236361378280e-01,3.156392985806185103e-01,4.934031744378324369e-01
7.184212762921443618e-01,4.391922267709900685e-01,5.035208788152603088e-01
6.575812089590534759e-01,5.703697180693293456e-01,5.814382139360760871e-01
6.377609799391248391e-01,6.570499800099164345e-01,5.658818796726212685e-01
4.612265064548260463e-01,7.412805209161739128e-01,4.906036768963332184e-01
2.111706381224772167e-01,8.366330620290206577e-01,4.471665664964759035e-01
1.967479944581886631e-01,8.572680402680793454e-01,5.348238962790284878e-01
6.286978613232194202e-02,7.800818379552252324e-01,4.459441282752206748e-01
-1.468252057233171426e-01,8.275999856774974850e-01,4.958666258236434921e-01
-3.071012275829169136e-01,8.688302701869146105e-01,5.146759047852574875e-01
-4.124337622040032403e-01,6.931942288801437035e-01,5.293779453973366245e-01
-4.999361840176957950e-01,6.556020136931679509e-01,4.725041026816293455e-01
-7.238829150850124572e-01,5.387714680163199210e-01,4.448734259062566143e-01
-6.156024138011297886e-01,4.227887159530450689e-01,4.608998574228154732e-01
-8.122671607153209017e-01,3.255180161240021075e-01,5.222064664746340901e-01
-9.162259894826459972e-01,1.860999806204138018e-01,5.732477449301629502e-01
-1.001889385205143146e+00,2.150512736606828915e-02,2.972430744128470859e-01
-9.637576772613080101e-01,-6.794966043756509033e-02,3.508630813062744713e-01
-9.449573057130071785e-01,-2.730464324278011889e-01,2.457495352644463171e-01
-8.100378917849335725e-01,-4.718352715615197202e-01,3.100021410393631882e-01
-6.579793971384743090e-01,-6.401430274121897579e-01,3.289897131001626174e-01
-5.952704592807528394e-01,-6.614400747307537243e-01,3.685859662248640589e-01
-5.732658943360958714e-01,-7.834987232508078270e-01,3.846277454632217041e-01
-3.362802868463767303e-01,-9.107826026714396228e-01,3.353043709197148781e-01
-1.254605812520518393e-01,-8.992572555035007742e-01,3.403914648316296310e-01
-7.405047187484208038e-02,-9.418734019730384821e-01,3.025255747069272028e-01
1.207688767598638080e-01,-9.835117464897457085e-01,3.070522616596899623e-01
3.730224476144161638e-01,-7.878148957717818757e-01,4.431721366235796267e-01
4.222076829750364690e-01,-7.950260577785113192e-01,3.771059434855658643e-01
6.499742984017702341e-01,-6.894103522697073716e-01,3.369781459695586068e-01
7.583653017298255250e-01,-5.983036779742776368e-01,3.216866602453886670e-01
9.284959002042775245e-01,-5.381842360068279651e-01,4.142959144734396082e-01
9.724687381249493834e-01,-3.927207504419514272e-01,3.767478695446137005e-01
9.975637785055844198e-01,-1.677388367851935791e-01,2.757856448173030550e-01
9.422803148187616218e-01,-6.554517065942297438e-02,3.246652191219908112e-01
8.798536307722975014e-01,1.341699367193949777e-01,3.664904766314908691e-01
9.259880873277125390e-01,3.760244920186412987e-01,3.353021302585136865e-01
6.906646331432884089e-01,5.202630474353950873e-01,3.481137226255645589e-01
7.637426391877822907e-01,6.214871554640857276e-01,3.622639759016758054e-01
5.601649032290384467e-01,7.950083976309884060e-01,3.330021364728562583e-01
4.818717969570698867e-01,8.427119294387372950e-01,3.678336023632990948e-01
3.193194651791059768e-01,8.667555899437736633e-01,2.883298265463873356e-01
1.618611665657330723e-01,8.778704261537293441e-01,3.201206057776477820e-01
2.280693355758424065e-02,9.850904855003633775e-01,3.444226461605409129e-01
-2.487125559498593319e-01,8.612561827617380983e-01,4.258580330011114135e-01
-3.776395124801140701e-01,8.277615315989127476e-01,2.912656313502113292e-01
-5.400273658621705941e-01,7.938669071230367580e-01,4.189728981183104550e-01
-6.587029875531112966e-01,6.881338891571331384e-01,3.499359453115057916e-01
-6.910934373521864238e-01,5.701105323546394876e-01,4.155141565097326684e-01
-8.225796521198887046e-01,4.274199196042072213e-01,3.694561376334109526e-01
-8.270988949681993274e-01,3.436164257024807989e-01,3.459114610459122496e-01
-8.675608220870941745e-01,1.820307244698057547e-01,3.809809357512105032e-01
-1.045088057977827889e+00,-1.405290733176074031e-02,1.508429154824280638e-01
-1.097964916901273291e+00,-2.193296643760819231e-01,1.691539510536018975e-01
-9.626173527468653290e-01,-2.563401193507127696e-01,1.872096704971855097e-01
-7.951036376800978411e-01,-4.914897416904318583e-01,1.706477687490729755e-01
-8.026352749740653936e-01,-7.079523718786042696e-01,1.358952115003759231e-01
-5.551709852782082955e-01,-7.425932019696737107e-01,1.818952287244559596e-01
-5.400915453828550872e-01,-9.117525502276074834e-01,1.927860475176179089e-01
-2.301395670076538114e-01,-9.597742889864921967e-01,2.281596407552979877e-01
-2.184651980366690283e-01,-1.035727756847888426e+00,1.228364210302733545e-01
-5.997859737972030536e-02,-1.017944520546626652e+00,1.465755088765934300e-01
1.304156199208481581e-01,-9.050345842319844625e-01,1.912556978874499491e-01
2.824048825298936527e-01,-8.505016035761272519e-01,2.095316621603665053e-01
4.200613805731027162e-01,-8.804974688221386403e-01,1.990852286361189105e-01
7.217861354839928412e-01,-7.768981902938968398e-01,1.957320489603294189e-01
6.596831514631708027e-01,-7.432471544400696128e-01,2.269070429966213165e-01
8.450502981691079274e-01,-5.430019267521782877e-01,2.124400328900298285e-01
9.489996352178670103e-01,-2.287528458331326842e-01,1.858790766240485115e-01
8.878948284984924388e-01,-2.349101719476236194e-01,1.122217477403173458e-01
9.407297357830993745e-01,-3.797520537998499979e-02,1.290951979646106917e-01
9.819353865892407329e-01,9.318894461616407388e-02,2.007347734630179348e-01
9.090945306703073214e-01,3.809292441088859560e-01,2.556071518080391680e-01
8.991074760138808575e-01,4.998485015717880620e-01,1.577118111236892328e-01
6.735160521722592941e-01,6.624907484444751971e-01,1.707602361596463614e-01
7.281639496391694166e-01,7.509693144627163086e-01,2.248662118947049315e-01
5.140118231749566391e-01,8.083684801855525182e-01,1.894926244725918807e-01
3.452115386806917652e-01,9.934711464363417122e-01,2.079355907229530898e-01
2.226550069366873830e-01,1.017874724546291576e+00,2.288780719714646472e-01
-4.538986079424806724e-02,9.699791269145380257e-01,1.228737704374959494e-01
-2.017677321173790006e-01,1.037698929824577121e+00,8.280565080241290843e-02
-4.012171827820667502e-01,9.604287087263201350e-01,1.802905441053876678e-01
-5.118366025968018596e-01,8.754054031476956599e-01,1.342443871487380980e-01
-6.161635176260926716e-01,7.983794146871396880e-01,1.890339006509760278e-01
-7.581851848385541270e-01,6.533756459240717129e-01,1.626148087182239799e-01
-8.441834307337148235e-01,4.304145896417848061e-01,2.186111864968539320e-01
-8.652830075953623634e-01,4.965742579429672787e-01,1.156250028362353216e-01
-9.705553762220771041e-01,1.546569569739083272e-01,1.545142044546637394e-01
-9.925909797922792821e-01,2.709811304318621161e-02,1.214827181144280399e-02
-9.871212041302342977e-01,-1.889105374866209275e-01,-4.809952955281171505e-02
-9.381627540902899298e-01,-3.811567983921079206e-01,3.374900973860267550e-02
-9.469156000715868160e-01,-4.372879590001449990e-01,4.261149793939553870e-02
-6.527631733682660586e-01,-6.517803126448776796e-01,-1.208756299899164596e-02
-6.000945459718109998e-01,-7.933046459832989727e-01,-3.383367899530916739e-02
-5.164367833388980866e-01,-7.964127119111278352e-01,2.093288528586349437e-02
-3.952868865187923464e-01,-9.947325037311468554e-01,8.316322609332615912e-02
-2.721914310752191479e-01,-9.183122823392096956e-01,5.875762323534314269e-02
-7.525163786602066807e-02,-9.380729948420898356e-01,-2.313433713139584000e-02
1.017392202334926887e-01,-9.589737049463713525e-01,-1.148427876669999657e-04
3.819323725753244192e-01,-9.377581053745818185e-01,7.916752809959799742e-02
4.662236618072846950e-01,-9.332951096093613508e-01,1.307423939795871251e-02
7.358150919882169294e-01,-7.235582540874805346e-01,-4.703348037294218659e-02
7.916853120876033989e-01,-5.660503185297676154e-01,2.806851752903370689e-02
7.625058907684350018e-01,-4.842219035181672959e-01,9.138432820184244632e-02
9.119488377830872183e-01,-3.730504501840651854e-01,1.013630763651425931e-01
9.890962900534696622e-01,-1.959048748629461933e-01,6.148680298424882146e-02
9.881532580451002357e-01,-2.407972438862895567e-02,2.042379291241292957e-02
9.451523563936526928e-01,1.367515583514579136e-01,2.498162951415428684e-02
9.443670924518550169e-01,2.813921132888706489e-01,-3.537832737010954826e-02
8.286119266907219227e-01,4.582671181586343567e-01,7.043266618199368889e-02
6.802236584009168086e-01,5.793903186700990471e-01,6.704498248508604895e-03
5.902699440072586290e-01,7.768142733089483665e-01,-3.064122841455141008e-02
5.199485689105913799e-01,9.836034636295258871e-01,4.996865738486186426e-02
3.491837665317990003e-01,9.601990531260828909e-01,-7.938813525721445663e-02
1.518984293724158496e-01,9.541515664531764473e-01,-8.780256851686138453e-02
1.699433466481315991e-01,9.879895882922218320e-01,-5.594659905946182746e-03
-2.053737906796796187e-01,1.014747317093784407e+00,-5.376041238411174289e-02
-3.091627473152900873e-01,8.651242474995857190e-01,1.096236614518107189e-03
-4.382775058468434404e-01,9.672000346630993395e-01,6.395025504884495338e-02
-6.268353690560505287e-01,6.355446980926174882e-01,2.276523269396471625e-03
-7.836632448538377593e-01,5.772671880503685848e-01,4.286738242117124620e-02
-9.166292900796169096e-01,5.096269067404440856e-01,4.778912911447900230e-02
-1.000421781087580175e+00,3.402897392333278370e-01,3.659938638796377680e-02
-9.292945942534541759e-01,1.151149869078613719e-01,5.120135051768741341e-02
-9.830055553199587015e-01,3.507590852707243023e-02,-1.949400021398605687e-01
-9.008949827265423371e-01,-2.063729140170273979e-01,-2.294035087577298571e-01
-9.025389219007875496e-01,-3.560845516745841932e-01,-1.654890688909010366e-01
-8.713308872676505112e-01,-4.839405494150021969e-01,-1.865433738668761665e-01
-7.871329150090705662e-01,-6.709207587572931786e-01,-1.654916944432973658e-01
-6.241460728326700957e-01,-7.249922904654529932e-01,-1.496076653650691424e-01
-6.104668949257476829e-01,-8.864879429671372879e-01,-1.836345664411497824e-01
-3.674508060803795551e-01,-9.492867112382105121e-01,-1.366408965350107141e-01
-2.019450574187733050e-01,-9.350041559780849498e-01,-2.158229832209335730e-01
1.234463239530500522e-02,-1.047558303212785979e+00,-1.390467785308195925e-01
1.219950584788309089e-01,-9.644440335929919117e-01,-1.166353808153397786e-01
4.036922631925149996e-01,-9.272704346325165714e-01,-4.451589212025949815e-02
6.707180204809124469e-01,-8.579496908906999453e-01,-1.931647270516363424e-01
6.404828361363027467e-01,-8.029641936304905414e-01,-1.487050529088907447e-01
7.063545104600543745e-01,-5.755752787321785080e-01,-2.685228028977306725e-01
8.481070293672016147e-01,-4.629889606757157106e-01,-1.884163070224330050e-01
9.884993135821770194e-01,-3.043866456230129303e-01,-2.197941201634185104e-01
1.010530660593141894e+00,-8.646079157549667327e-02,-1.354712588866109624e-01
1.044879490932720367e+00,-5.598567322462909279e-02,-8.816010174991653625e-02
1.013540868799757355e+00,2.920966208503137373e-01,-1.580930670886227796e-01
9.572704603317242489e-01,2.744240850119201158e-01,-1.394001733595301995e-01
8.306905893894872550e-01,5.534351428037669329e-01,-1.854132963946607537e-01
7.300704583429667993e-01,6.845435526368465196e-01,-1.740714497060357469e-01
7.168448855298880096e-01,7.442717399448781634e-01,-1.432917844948612962e-01
5.711809625367545440e-01,8.753768843525204790e-01,-2.425938898276768507e-01
2.750480033401351276e-01,8.996890586790838862e-01,-1.807113861094061524e-01
1.427364920960501604e-01,9.717254310216562052e-01,-2.528914500814642419e-01
2.219628436689967399e-02,9.808699705970942428e-01,-1.169957922224494073e-01
-1.823994904830680830e-01,1.038877902090586725e+00,-1.926440567922867997e-01
-3.572651235913718581e-01,8.827371516842037469e-01,-1.721114941085523375e-01
-5.314760096408925882e-01,9.227479944699852332e-01,-1.732399746106188243e-01
-5.987020742596387279e-01,7.451979981283243237e-01,-1.792605529616771998e-01
-8.415519355382008460e-01,5.545031169229259760e-01,-1.496537362984371733e-01
-8.578915311344256223e-01,5.512033752031969547e-01,-2.075635878708487203e-01
-1.015434326527611564e+00,3.276413991439479645e-01,-2.054861296696585404e-01
-8.937013917874929714e-01,1.339025729128750786e-01,-1.596577143557043332e-01
-9.000233616280939319e-01,-3.784816119699006224e-03,-4.218155216873330504e-01
-9.851916023261865218e-01,-2.249445337965061131e-01,-3.172410846794250783e-01
-8.708924769111231479e-01,-3.409729693529124361e-01,-3.583908590977699093e-01
-7.891087915913957973e-01,-5.270268550552840159e-01,-3.048126111897903612e-01
-6.774322963829118027e-01,-5.639094571361696895e-01,-3.657742837627673826e-01
-6.286765412427660626e-01,-7.552036649355932107e-01,-2.657148896104225000e-01
-5.356016553536522284e-01,-8.325465945582191107e-01,-3.977969968761289055e-01
-3.251908938435422169e-01,-8.697656260373507475e-01,-2.965018914062140243e-01
-1.971063014968131022e-01,-9.705429425677720712e-01,-4.489045108290556363e-01
-9.792464394057009969e-02,-9.506015810712922232e-01,-3.435121065328059498e-01
1.578389163712674570e-01,-9.125144837729972647e-01,-2.640401084072416249e-01
2.244158784322538014e-01,-9.193479209716214351e-01,-4.008519665958188982e-01
4.945856865895361665e-01,-7.944815920376870899e-01,-3.463745242397272550e-01
5.360799961691019577e-01,-7.767353133572187929e-01,-3.491033815704178700e-01
7.433728555284567774e-01,-6.763439303016053339e-01,-3.408688431681540232e-01
8.129633523890696933e-01,-6.203426855004114948e-01,-3.442002545399657776e-01
8.606319550519091477e-01,-3.762085703265271031e-01,-4.100238780210315181e-01
9.083013794328387291e-01,-2.024915800723312842e-01,-3.180766108341770981e-01
8.416833139799821950e-01,-1.815647305088156915e-02,-2.229334470656851308e-01
9.235602628165539008e-01,2.816413125490057068e-01,-3.200470058617853608e-01
9.608537234873691935e-01,3.091550180719031538e-01,-3.771140327999740194e-01
7.551545035887775592e-01,4.317758577327995284e-01,-3.315532779415247822e-01
7.862450464501543612e-01,5.197959152581556053e-01,-4.248910884222530937e-01
6.271024129456646001e-01,7.662837187317941279e-01,-2.907062501856604864e-01
4.436495843613206813e-01,8.561938342967901905e-01,-3.815419477935194648e-01
2.789213296070541803e-01,8.807849260981447381e-01,-3.041958155131250785e-01
1.293605807303919442e-01,9.260887672846359608e-01,-3.179999520218666498e-01
-1.125461469963068978e-01,9.408967576461029214e-01,-3.628792454070763895e-01
-1.480897851694842893e-01,1.009148382292257562e+00,-2.763712241928050206e-01
-3.466051213404441889e-01,1.060446305957615465e+00,-3.987630172078708846e-01
-4.878258937888398372e-01,8.297991034698829482e-01,-3.761736086654610678e-01
-6.258872833044455408e-01,6.892788252920880598e-01,-2.466898175939341020e-01
-7.834064646295338941e-01,5.509988397980029040e-01,-3.279644313731255312e-01
-8.246337158788737964e-01,5.296887193660425597e-01,-3.191172399775444868e-01
-8.465995781850181867e-01,3.396974481848782923e-01,-2.977239373586901827e-01
-9.542395260422943393e-01,5.621002664834959250e-02,-3.613185490295466318e-01
-9.841096284219068568e-01,-3.083872171690785896e-02,-4.483886809960117015e-01
-7.707249292195752499e-01,-1.708377780932514023e-01,-4.893220485981772394e-01
-7.848625948262407670e-01,-2.186336197168023410e-01,-5.150735179170907729e-01
-8.356664277551414388e-01,-4.188360204911735218e-01,-5.595683425270526756e-01
-6.203021972365851955e-01,-5.457256863498296529e-01,-4.683614291055751555e-01
-5.357332027713410660e-01,-7.163781678266923914e-01,-4.969287904798747046e-01
-4.023327189800722237e-01,-7.349780161285879299e-01,-4.549912460444109907e-01
-3.375667294275561670e-01,-8.696512401746634424e-01,-5.321632951572318193e-01
-1.796790725891485030e-01,-8.445926101408630648e-01,-4.600771018346638264e-01
-1.780909523452961149e-02,-8.833095225886069546e-01,-3.926595361994975053e-01
1.418078918602267979e-01,-7.958110315627322517e-01,-6.134247258737490771e-01
3.266860581912281458e-01,-7.468845439428024591e-01,-4.417460038542021517e-01
4.717928396360958621e-01,-7.782409007609243368e-01,-4.612459765358393193e-01
5.695781153139649611e-01,-7.028035449083397390e-01,-4.693390587662180646e-01
7.785288960014301596e-01,-5.337913317610989417e-01,-5.105232368644464502e-01
6.873171073678256970e-01,-4.785449344435711017e-01,-4.559488332506441144e-01
8.588251559637659627e-01,-3.206876656098477385e-01,-4.877251848924455957e-01
9.011531757689053013e-01,-1.741186652098485055e-01,-5.583282987987095991e-01
8.621057631940419741e-01,6.940119283095142616e-03,-4.448324592096419838e-01
9.249570861916087683e-01,5.241241084148215434e-02,-4.973732265495250937e-01
8.326438884843445631e-01,3.039509944674740893e-01,-4.448504672294153472e-01
7.112890572772503361e-01,4.926069804378592210e-01,-5.740520564670399395e-01
6.889280437931557532e-01,5.842267112331235301e-01,-4.111432296379957108e-01
6.430288254999877440e-01,6.380178017218398612e-01,-5.502992826489250255e-01
4.107411627705415125e-01,6.995756558886763177e-01,-5.000932725398147261e-01
3.544672586063601361e-01,7.663842468772461558e-01,-4.678694084098617423e-01
1.600993537128780342e-01,8.249322904636633425e-01,-4.423796153129570530e-01
-1.139218698231814764e-01,8.375953339578584567e-01,-4.596074482689676000e-01
-8.323584178916640375e-02,9.235311857296206739e-01,-5.562847517422602195e-01
-3.502421988598410363e-01,8.356434728076022056e-01,-4.623512327965736968e-01
-5.421299824235533693e-01,7.932250115091210585e-01,-4.132274121955750723e-01
-5.236513522177187463e-01,6.924112050390667239e-01,-4.087917509222815937e-01
-5.733989417298269720e-01,5.477223317493649102e-01,-5.659331962949357697e-01
-7.201844542007248551e-01,4.741057902909831534e-01,-5.085443508878735308e-01
-7.707113095263009583e-01,3.412937874174131747e-01,-3.836924744701798451e-01
-9.610985978045777367e-01,1.843302585872473587e-01,-5.031570785266975543e-01
-7.675677853944782303e-01,6.961316398903636196e-03,-6.290564049284118608e-01
-6.946363925264770200e-01,-7.804738946374009667e-02,-6.653844236222080655e-01
-6.793688957336485590e-01,-2.024713592505341664e-01,-6.448434252074993767e-01
-6.900882994727808306e-01,-3.816412824879554244e-01,-7.101328100925921039e-01
-5.344819441425788797e-01,-4.256677992556444634e-01,-6.727837104267214707e-01
-5.429107418490976000e-01,-5.500177818048647138e-01,-6.068124626539262989e-01
-4.408199695304987342e-01,-6.159726622264378726e-01,-7.436702994100741204e-01
-2.207943123528631757e-01,-6.662253497102499367e-01,-6.350335285770654092e-01
-1.377278813616918118e-01,-7.128464873265825119e-01,-6.633824982716782781e-01
2.567775444782290084e-02,-8.398344442044193281e-01,-5.388074387627859174e-01
1.654900734490206138e-01,-8.601496429911541508e-01,-6.838913623923374985e-01
2.945841409091575214e-01,-7.374839563777145779e-01,-5.666868113600711521e-01
4.252122030387576190e-01,-6.792494953283082504e-01,-7.130315248493485081e-01
4.754777004302901955e-01,-4.800471463414686668e-01,-6.724620831307843716e-01
5.170161516517486344e-01,-5.429425395372047269e-01,-6.779327703743450728e-01
7.344837421957685075e-01,-3.831862391675260882e-01,-6.380687308088347498e-01
7.442233932914779082e-01,-3.516288486294416593e-01,-6.490060740692672470e-01
7.311833668927842922e-01,-5.591487850060286591e-02,-6.387274543918705083e-01
7.813977869134799414e-01,-4.610984719126378500e-03,-6.591472005476139984e-01
7.270307347722746449e-01,6.879399448543314921e-02,-6.428360257035237169e-01
6.864599441805734337e-01,2.839243358439312859e-01,-6.876850736250709195e-01
6.768070714092727647e-01,4.284195616938815121e-01,-6.220683176766736988e-01
5.725522754042791096e-01,5.628769371300734736e-01,-7.148084785828600074e-01
5.053405266361996606e-01,6.206185561026112962e-01,-6.555991826204009554e-01
3.985718012162671187e-01,7.129785486332076427e-01,-5.617717819353251762e-01
2.726040512494943835e-01,6.689176690343203724e-01,-6.141418004800793806e-01
1.223066885961043987e-01,7.243970669008897856e-01,-6.676540767303166257e-01
-2.403079099559086995e-02,7.815038659340862726e-01,-7.123596938351113295e-01
-1.810570814873822820e-01,8.387471998439420817e-01,-6.287258175934035132e-01
-2.965932499331789263e-01,6.765640427888535147e-01,-6.072148981960784342e-01
-3.109379574636916832e-01,6.815731990532090112e-01,-6.003686763068419863e-01
-4.001554839171470035e-01,4.742006668941564085e-01,-6.014252654869429726e-01
-5.659062060593410548e-01,4.637530886540652264e-01,-5.395647769275325745e-01
-7.022594577549147177e-01,3.683253633369120705e-01,-6.590027681927764780e-01
-7.471239096591467677e-01,2.469556282384271773e-01,-5.553841793484776135e-01
-7.194390509075117013e-01,1.902351320546079583e-01,-6.223041180973925002e-01
-6.156615907534456200e-01,-3.125175013294769627e-02,-7.168621488361593963e-01
-7.243809610474593041e-01,-1.464890566402545780e-01,-7.632856122985897107e-01
-6.578234045326711854e-01,-1.923012065495559586e-01,-7.351338086771406211e-01
-4.599300707409144096e-01,-2.910106705518941683e-01,-7.576866284674448337e-01
-4.192487645586212008e-01,-4.571717990046609281e-01,-8.037340329070248313e-01
-4.479064960999468159e-01,-5.441834670231678883e-01,-7.946192657361994538e-01
-3.620903090658208479e-01,-4.833996525866722793e-01,-7.615431029880107561e-01
-2.225732633017033502e-01,-6.169029037712372432e-01,-7.793104021457305519e-01
-1.688762015007943540e-01,-6.191414713427476624e-01,-7.567268249275133085e-01
-1.983788422660465525e-02,-7.123036125253134898e-01,-8.390273384379411947e-01
9.817643221105286366e-02,-7.103903901099708484e-01,-7.360761004239716465e-01
2.397859384814979844e-01,-6.813669328465749020e-01,-8.097381664955188851e-01
1.559548504459358220e-01,-5.929237999709703333e-01,-7.431633171436494711e-01
4.266494953676147617e-01,-3.979264227006031329e-01,-7.759937143108965873e-01
4.939787434424857127e-01,-4.477769639695402537e-01,-6.906147973150205122e-01
5.120219702775871129e-01,-4.193767488091591500e-01,-7.826235510460910483e-01
5.824594727817947737e-01,-2.114707611450688252e-01,-8.013271755028391619e-01
6.640535535867220229e-01,-1.571540754043904142e-01,-7.427929201241493251e-01
5.397240069050974753e-01,4.313607931727601874e-02,-6.725375862498950141e-01
6.235013274966583197e-01,1.012865378713465325e-01,-7.812938556462615258e-01
5.804867249075679192e-01,1.993323455727384619e-01,-7.358450553542125183e-01
5.438323660485717692e-01,2.824534799154783116e-01,-7.322461747034516577e-01
6.027183097705766102e-01,3.656260759249818637e-01,-7.635474078610090531e-01
3.984240632686165684e-01,5.124696945132410919e-01,-6.941040605462210911e-01
2.791543841114615954e-01,5.239449135946858682e-01,-7.959528176758282614e-01
8.804665083421639449e-02,5.494546241187998614e-01,-6.573000330497886790e-01
8.282479568117699642e-02,6.622380433656662735e-01,-8.344535473649954405e-01
-5.971838297924959849e-02,6.460275277449177844e-01,-7.069082997216127318e-01
-6.859419826368964856e-02,5.967899804476319847e-01,-8.840054575503527579e-01
-2.175532737478249601e-01,5.673588904208080042e-01,-7.811061301001527291e-01
-3.435712215815895920e-01,5.833181118696183498e-01,-7.905757406795804743e-01
-3.299850755996592278e-01,4.979223516473917366e-01,-7.151338950429990682e-01
-4.174495657004443361e-01,3.024951963981998282e-01,-7.699745256900285550e-01
-5.947202065775631930e-01,2.576502333411492818e-01,-7.129307178198314165e-01
-6.798758057929136234e-01,1.322006934454021954e-01,-8.085977612252819302e-01
-7.280650110703089650e-01,6.870256975497172902e-02,-8.516904773085371971e-01
-5.118570991362413336e-01,-6.249677870985029943e-02,-9.774311731886581311e-01
-4.868808983256998069e-01,-8.993083861818174096e-02,-8.442854851138565930e-01
-5.327548832001569590e-01,-1.454896980610468071e-01,-8.972635629816020364e-01
-4.280323698115373610e-01,-2.060706855106398949e-01,-8.208958480929118284e-01
-3.591564550173074744e-01,-3.544529679359342822e-01,-8.612206480361340732e-01
-3.562459078557258518e-01,-4.014914147364043728e-01,-8.456375803700157956e-01
-3.309293789656909679e-01,-5.079832520800229290e-01,-7.906830560465839541e-01
-1.938466193952158856e-01,-4.601846830191133608e-01,-9.653903053860057870e-01
-1.723263178984770216e-01,-5.464902955976109755e-01,-9.178641518765122687e-01
-1.144279917722598877e-01,-5.519451914104019918e-01,-8.798262517760567780e-01
1.010816780517838354e-01,-4.714900287799623779e-01,-8.589257072629867817e-01
9.305061550844029306e-02,-4.530009819763722856e-01,-7.466150114603964383e-01
3.240948689481970568e-01,-4.594963095075163539e-01,-8.392795110127921898e-01
2.459585278279665110e-01,-4.457382735475009516e-01,-8.795611381192025569e-01
4.474425066493011860e-01,-2.896969946749773928e-01,-9.034988980790404911e-01
4.376264158717987351e-01,-2.423855490859901651e-01,-8.449098370367053024e-01
4.623931836243909688e-01,-1.192417237549241171e-01,-8.716758402716666687e-01
5.564270269296938132e-01,-2.187430057809770789e-02,-8.445225125800656096e-01
4.179013093870188600e-01,-1.994208722298018363e-02,-7.758471582169987890e-01
4.374784678513878311e-01,1.264003163139180708e-01,-8.969901745163807449e-01
5.082075866596775793e-01,2.014327530311068593e-01,-9.390045046563273434e-01
3.123128782384750890e-01,2.476368862754289579e-01,-9.758314776428183013e-01
2.697431743261469173e-01,3.367834507108756759e-01,-8.843829073778708416e-01
2.944458037586744070e-01,4.481199506513692810e-01,-8.173057739069855554e-01
2.636461205708487965e-01,4.251802412557882382e-01,-9.215217535737149079e-01
7.887160035506210476e-02,4.485523157569806241e-01,-9.162048823944523024e-01
1.168764513542195627e-01,5.349786452923007696e-01,-8.846691252538437800e-01
4.606450481329047580e-03,5.253045394173800897e-01,-7.870662929870294588e-01
-4.214197773632678834e-02,5.088266628410539338e-01,-9.152685550966522809e-01
-1.356442425000791152e-01,4.884959064137450735e-01,-8.020161307786614069e-01
-2.198844346756814450e-01,3.737859810236215385e-01,-8.404860301546909218e-01
-2.469602063225916355e-01,3.478597507926164956e-01,-9.363295355063339098e-01
-3.742345239001920731e-01,2.619480795016910779e-01,-8.270226925623378467e-01
-3.763774290715887205e-01,2.056281855252336810e-01,-8.735330655613998685e-01
-4.355328251176910914e-01,1.783148793978004965e-01,-7.843057331112619490e-01
-4.850498375992033373e-01,7.021814918738214506e-02,-8.907927683320664425e-01
-2.951105298299084301e-01,-1.042715266004117652e-02,-1.004126748323825424e+00
-2.677553868993470809e-01,-7.368050932557218546e-02,-9.607080339962668081e-01
-3.512205276494582695e-01,-1.403128766339976630e-01,-9.727692211104799203e-01
-2.950605702094981631e-01,-1.329356974900444965e-01,-9.895823802158288940e-01
-2.185583089380379040e-01,-2.702643956663274838e-01,-9.943939162597761339e-01
-2.266939809800359584e-01,-1.983120131081738124e-01,-9.696090724037443875e-01
-1.790233094554158078e-01,-3.183230077435857952e-01,-8.737006895995138578e-01
-1.131512400171564292e-01,-2.916387837773678493e-01,-8.454790470417103965e-01
-1.613624164295559549e-01,-3.209509161656385334e-01,-1.008148725922588751e+00
3.900162160944491141e-02,-2.796348830923652273e-01,-9.756589950051242077e-01
1.027024703431816122e-01,-3.446368659854774918e-01,-8.630190495635535752e-01
8.502432673096443905e-02,-2.944010990692019214e-01,-1.010447443167692194e+00
1.060480549399359096e-01,-2.915320633763285318e-01,-1.032253036698472348e+00
2.458597209180405918e-01,-3.124026122038398023e-01,-9.760922183609352931e-01
2.058599567222048898e-01,-1.967902655319034577e-01,-8.827640139577737077e-01
3.505052732804703752e-01,-2.150023283739930235e-01,-8.914972051036158529e-01
2.696723226360009940e-01,-2.523874300506702140e-01,-8.774909128775786327e-01
3.326966956266401709e-01,-2.329549508078499614e-02,-9.287126010448053526e-01
4.317320281440642504e-01,2.983347677597044875e-02,-8.511325841925769797e-01
3.566889401571816665e-01,8.931513895880867360e-02,-9.464692840524564499e-01
2.325711040033217047e-01,1.285792250427304495e-01,-9.435425516393122214e-01
3.587178965985294288e-01,1.700060898320513436e-01,-9.542934955802452324e-01
2.447208737001227430e-01,2.044389283898419285e-01,-9.581849064744183408e-01
2.755682415969283872e-01,2.606805505987938032e-01,-9.378315210079828379e-01
1.357573473090304683e-01,3.332261918058128658e-01,-9.622254150606441847e-01
2.045962996727390126e-01,2.933872376992814335e-01,-9.687852573529145417e-01
1.560364938789470246e-01,2.894411616760951267e-01,-8.842308704460892788e-01
3.744493624953430799e-02,3.359007780270432675e-01,-9.771608301134260266e-01
-2.056896296598938190e-02,3.435374829139748454e-01,-1.045808478513192474e+00
-7.934556546416479672e-02,3.657404101156276899e-01,-9.459600855781689077e-01
-2.816739445067814041e-01,2.580865003820108083e-01,-9.557405692538143427e-01
-3.131207272939017794e-01,2.063353324917574783e-01,-7.954427819549917400e-01
-2.507496395051398430e-01,1.406419866790461493e-01,-9.217418622390242122e-01
-3.712022373312312551e-01,2.042711095016782330e-01,-9.682354786344292696e-01
-2.655994156528344585e-01,1.920895060786104724e-01,-9.950116756959392905e-01
-3.709436356972545257e-01,1.386431215029165082e-02,-8.430176624382321737e-01
-1.052800271345417787e-01,2.891223399129166580e-02,-9.513548586086286729e-01
-2.764764357284494878e-01,3.217023625433768075e-02,-1.057967569925749363e+00
-1.495905870935329840e-01,-2.368255039925256517e-02,-9.934182593298428454e-01
-1.635786717223222109e-01,-1.177323439403612226e-01,-9.507810187339911234e-01
-1.114573572001877899e-01,-9.742262349292432622e-02,-1.150778446129705701e+00
-1.588344886482155605e-01,-1.202152207240635845e-01,-9.518060358364609508e-01
-9.197760502784525782e-02,-2.268683425046964519e-01,-1.075778709752295503e+00
-3.505656980778115717e-02,-1.880172758251717757e-01,-9.592670426624486657e-01
-5.115378064697116700e-02,-2.106782846395999220e-01,-1.056500289128682324e+00
-2.581641879385345936e-02,-2.113480598772874697e-01,-9.868010866400970249e-01
-3.416254126500215677e-02,-1.749575071539062054e-01,-1.030308426165051916e+00
1.180251202010495631e-01,-1.897557255313543634e-01,-9.432159420154586638e-01
8.547978120367566435e-02,-1.061042756284849287e-01,-8.315892382264090665e-01
1.461099859121829103e-01,-2.024828296235574587e-01,-9.428568549974319923e-01
9.784933435415793523e-02,-1.487197566396888937e-01,-9.588888331859097836e-01
1.816193463993917012e-01,-9.460335966308033862e-02,-1.095416481696065425e+00
2.539380541635324895e-01,-3.774458924235712248e-02,-9.742670164651665576e-01
1.976617465721234868e-01,-4.200163428214541417e-02,-9.456852204865521250e-01
2.052011657843826886e-01,4.623497043185799404e-03,-8.919627007051950107e-01
1.452084359031485250e-01,4.867279473284134850e-02,-1.004511891893600906e+00
1.457513608449466647e-01,9.185703379748201558e-02,-9.722515565084086653e-01
2.206191138640792859e-01,1.259191161522406621e-01,-9.472593457056629473e-01
1.816583474833521894e-01,9.588382871050096790e-02,-1.047912122816230918e+00
1.699934131939271897e-01,1.999755493228125847e-01,-9.430933424141865196e-01
4.371932672838741568e-02,1.589524092000244027e-01,-9.717468813093513846e-01
1.979832305764793465e-02,2.351961701467637222e-01,-1.063758436110421535e+00
3.761891148575182559e-02,1.418876155215495483e-01,-1.052331560681187161e+00
-7.676688492888777190e-04,1.756077505501523750e-01,-9.558095294824129340e-01
1.586521726490969925e-02,1.359606682647938047e-01,-1.006924154540498773e+00
-8.493133936345215185e-02,8.030780578100352174e-02,-1.000509198973542402e+00
2.338020797802278783e-02,1.753268452002230970e-01,-9.629824931954482636e-01
-9.095597778307332182e-02,1.453385670262862250e-01,-9.947730078294140244e-01
-1.872509300849054814e-01,1.973865424353984377e-01,-9.896875429798905888e-01
-7.786028093702576647e-02,9.590447053316196457e-02,-9.828286184597193609e-01
-1.693403575666731775e-01,1.138353003465555624e-01,-1.085624569813732343e+00
-1.152959592191007410e-01,5.724571948402513988e-02,-9.994861048026693062e-01
9.385004903278253152e-05,1.937995610693975940e-02,-1.081692457470805335e+00
-1.462713025841471531e-02,5.283326984305451723e-02,-8.934551391877461057e-01
-8.580106947088231295e-02,5.380372132377608807e-02,-9.985839489494829913e-01
-2.827725153002627612e-02,-8.936441126395770415e-03,-9.997935873786110150e-01
9.814770998212379513e-03,-1.014562677630157991e-02,-9.385988696215056271e-01
1.694038009788159790e-03,-9.676994408440803275e-02,-1.025908745288475199e+00
-3.522841018285428200e-02,5.016455712232204683e-02,-9.768598576613573004e-01
4.484664413908742708e-02,9.065444619647851018e-03,-9.721909980811397345e-01
-2.420911072634026467e-02,3.480049783308714062e-02,-9.748349901955227770e-01
5.920852414890565713e-02,3.808596832046529101e-02,-1.078076343918703994e+00
7.662598257466575469e-02,2.106164252160399458e-02,-1.035664092285279780e+00
-8.082647547236701535e-02,4.458793460016987134e-03,-1.097152547021652547e+00
1.577350246438324541e-02,-1.243109740575293887e-01,-1.080398801933545094e+00
-2.398160234971044580e-02,-4.870520571133039184e-02,-8.951468964165354425e-01
2.133732101847199414e-02,8.487066431285215928e-02,-9.407710604887530303e-01
7.034264108355221812e-02,3.072119194644914661e-02,-9.928670181894887481e-01
-6.405608338311702399e-02,1.490872628580627336e-02,-1.066320379774046145e+00
-2.578571603536327847e-02,2.274803754524304389e-02,-9.372168384285201048e-01
1.980183508428075972e-02,2.356894196107513217e-02,-1.062538431684277196e+00
-2.726165272073543741e-02,8.664281695463615929e-02,-9.880020545723673386e-01
3.853361597582947995e-02,9.279576832427911814e-02,-9.101288633698945141e-01
-3.329002007463959661e-02,4.471483179762009152e-02,-1.070179182488371072e+00
1.358157716639264989e-01,-2.425870121305474456e-02,-9.728136227872166142e-01
-6.622696934889397979e-02,-6.091170317203751378e-02,-1.074637825438574890e+00
-2.791762566955668240e-02,3.524068208733833335e-02,-9.730397164857151893e-01
-6.281658611227152085e-03,-7.223904930693109128e-02,-9.879896066790114784e-01
-5.187963193880340551e-02,-9.470485420186543213e-02,-1.076318413119206507e+00
3.138710220141790064e-03,-3.851683069522904984e-02,-1.012088648579350991e+00
-2.851513123973628203e-03,7.233243557359889109e-02,-9.724872896324887606e-01
-3.558590770634637024e-02,-5.279763625305912422e-02,-1.066778177342283085e+00
5.125571904519123784e-02,4.347093223850843208e-02,-1.070570011608382055e+00
-6.098109144592935016e-02,7.220383347352583858e-02,-9.863376376507116960e-01
-1.243633135603011558e-01,-3.080009810646532412e-02,-1.060350694759152557e+00
1.542544735484191291e-02,-2.611609499380293867e-02,-9.586074215237778695e-01
4.187796618765593504e-02,-1.309059840512318169e-02,-9.822576975386684284e-01
3.963639013592326621e-03,-1.313128286314696469e-02,-9.692807472986997297e-01
1.188748092764390363e-01,1.895488758897861947e-02,-1.051042496048401498e+00
1.233916366169316436e-01,5.730431372865049666e-02,-9.835906218172189019e-01
1.902899257515812959e-01,8.838938230065800095e-02,-9.669943337814905782e-01
1.633035646911422112e-01,8.949883602654995496e-02,-9.900758002621853349e-01
1.550958068988822769e-01,1.439707827209795177e-01,-9.770332500163312339e-01
1.573348432022775856e-01,8.475982468313840446e-02,-9.399499493236144199e-01
1.073241568982918892e-03,1.183005936550019788e-01,-8.909833233961825805e-01
1.320707162678069757e-02,1.522587027630830647e-01,-1.011840788791590340e+00
-8.385068325627367813e-03,1.573984688259034148e-01,-9.232848141560332511e-01
6.000261917975212127e-03,1.532808861956979074e-01,-9.359452758767570213e-01
-1.811698975960592331e-02,2.315792807350747218e-01,-9.914282219238589322e-01
-1.091416152831651415e-02,1.235664072214258113e-01,-9.595852986542042773e-01
-1.016017511977661686e-01,1.092814184999132271e-01,-9.152276156275830354e-01
-6.589475150470737452e-02,9.418543363774271870e-02,-9.142644588660147065e-01
-1.054896618807596997e-01,7.087658382129247148e-02,-9.808223322931869381e-01
-7.535918300736930975e-02,9.587386352268201239e-02,-1.023089077386608148e+00
-1.971179789887839706e-01,1.153675573518924136e-01,-1.024521910599001329e+00
-1.732427259436950251e-01,3.072452592060049767e-02,-1.033714237581081496e+00
-1.599312588494435083e-01,-2.501452020433715326e-02,-1.017709407814911593e+00
-1.227975171706255086e-01,-9.388642732791786794e-02,-9.578087027023933775e-01
-1.221716990596111441e-01,-4.654726544901615498e-02,-1.074493627666656126e+00
-1.480870271892900381e-01,-5.078555940125000639e-02,-1.022099062486303112e+00
-1.438706842684534248e-01,-7.546207070184540733e-02,-8.888494607998190800e-01
-8.436390950076044781e-02,-5.289230030651853598e-02,-9.020377694252136314e-01
-4.219157659600514254e-02,-1.431857159353570053e-01,-9.934194236104967324e-01
-1.378555282586566566e-01,-1.726616539518428528e-01,-9.730859951153276732e-01
2.244925359706984036e-02,-1.556569796661840255e-01,-1.011027921832741372e+00
-5.467112408510917468e-04,-1.326153571951560473e-01,-1.012147604842398962e+00
4.285308277212206141e-02,-1.795929102416636280e-01,-9.863071041153794738e-01
1.172800711022796427e-01,-1.588819918051059266e-01,-9.436785918030234921e-01
3.927340263613213894e-02,-1.414242065082120525e-01,-1.107618911493954972e+00
4.748392865529554863e-02,-2.209368513786285626e-01,-1.002959699895755730e+00
1.293458219214050908e-01,-4.500031809819839135e-02,-1.090870232253757344e+00
1.396712283978663316e-01,-5.007748647638619183e-02,-1.048031370668992990e+00
2.234479068691803127e-01,-4.550271951144817251e-02,-1.004577865036647921e+00
9.669493096685212452e-02,-7.001892530092666822e-04,-9.872059621232368576e-01
3.211439041256397564e-01,1.119058261351615381e-02,-9.490253988901453663e-01
2.760309966862282693e-01,7.292362143107504469e-02,-9.383516697175747767e-01
2.638732515488835806e-01,1.251928551009430512e-01,-9.054404944221992046e-01
2.779855389562305712e-01,1.180815706858700520e-01,-9.496305035274789086e-01
2.578225303868609264e-01,1.174077780359264467e-01,-9.776474461135128413e-01
2.216022349415156523e-01,3.006940033130455214e-01,-9.474953899529631185e-01
1.796055624474829915e-01,2.363982465292328861e-01,-9.132682834981221687e-01
6.858003476585344815e-02,3.160490654075109318e-01,-9.667054888403231461e-01
7.989404860113835660e-02,3.805040895780451016e-01,-9.298827245559888599e-01
3.972408937886819785e-02,3.070486899913774659e-01,-1.012312082205897967e+00
-4.551981028020388176e-03,2.586240570846086162e-01,-9.899409148439218820e-01
-1.624758144568723695e-01,2.912417750829258689e-01,-9.823282502602234123e-01
-1.627729628764551240e-01,3.331662483675039144e-01,-9.476196429318820558e-01
-1.515802612973619623e-01,3.770137100193223234e-01,-9.105356038582795852e-01
-2.309331478176323005e-01,2.839454267375823293e-01,-9.728047980957693630e-01
-3.070333496076564916e-01,1.683226620568182008e-01,-1.028165989672107372e+00
-3.620535821282501732e-01,1.250716438498730432e-01,-1.001930785170818794e+00
-4.172203516905257925e-01,1.330391287305883741e-01,-9.348057275619628959e-01
-3.602886833611537165e-01,-3.073819416457929110e-02,-8.621059844765963653e-01
-3.039728013284087593e-01,-1.690612858977095234e-01,-8.960735622260712629e-01
-2.038355163945423376e-01,-1.382530857284783310e-01,-9.606049305894066581e-01
-3.071035950705537365e-01,-2.276396967100176028e-01,-9.467311741839261607e-01
-2.775424604083492341e-01,-2.808936240497879044e-01,-8.343599703204811480e-01
-2.784993605127585869e-01,-3.554811727638348406e-01,-9.493713726170073253e-01
-2.618679628659128511e-01,-2.835824737710702093e-01,-9.875451927991975021e-01
-1.458750653081052340e-01,-3.929863632078573477e-01,-8.994384709685809831e-01
-1.790839789099020474e-02,-2.889852304736596489e-01,-8.352427907280877140e-01
-1.102034772360866062e-02,-3.726989194810164108e-01,-9.830014928252819306e-01
1.193601637020739320e-02,-3.179658347958448372e-01,-9.141554318678004609e-01
1.058396826923209688e-01,-3.679169900134756643e-01,-9.396865983899967967e-01
1.965884512585809596e-01,-3.396109836070259624e-01,-9.306678010134555867e-01
2.336058224520274063e-01,-2.368929310142561251e-01,-9.297582670543069749e-01
2.438933782635593350e-01,-2.231232418021284192e-01,-9.855093063316695545e-01
2.878706956807294826e-01,-1.064949687341886775e-01,-9.658760367679085634e-01
2.460434304754273160e-01,-1.613204585061030205e-01,-8.762116092242078214e-01
3.093050032129721072e-01,-1.112477897710557467e-01,-8.889849573755947976e-01
4.806317180719906768e-01,4.728506752980055072e-02,-8.632809071953625457e-01
4.882203428279361379e-01,4.710836254415884383e-02,-9.418879516345106673e-01
4.878466951097333859e-01,1.725976051633422159e-01,-8.397162167545797473e-01
4.619303753499118259e-01,1.821633801187491075e-01,-8.904290234281062588e-01
3.490076639603148512e-01,3.157651739359728094e-01,-9.403572293817241690e-01
2.107711448751289907e-01,4.280865567241006198e-01,-9.110361974044866029e-01
2.535011100034027520e-01,3.397393851833907519e-01,-8.819589457465982774e-01
1.345976441816460756e-01,3.974744447770774958e-01,-9.178154354657332981e-01
1.409789420094504364e-01,5.512757008329836061e-01,-9.602297953158542843e-01
-2.366930828446495161e-02,4.899832496347526489e-01,-9.136261726013903406e-01
-7.410872191569886636e-02,5.293118757604321489e-01,-8.605443255104994194e-01
-1.422779971388240250e-01,3.744039896451487048e-01,-9.306604331164953781e-01
-2.077179518030032590e-01,4.934766481253023418e-01,-9.177811824017422238e-01
-3.284152506371471048e-01,3.343742966920357773e-01,-8.820411201300110138e-01
-4.200795281449744012e-01,3.457085265932966500e-01,-8.399731116539648212e-01
-4.651282134254157707e-01,2.589965620635501509e-01,-9.056544366134163804e-01
-3.977711892361511792e-01,1.958457492147186174e-01,-8.104409222828357073e-01
-5.104361472930025734e-01,5.796581890510402180e-02,-8.797491876536125410e-01
-3.788648990726129484e-01,8.009085038979281423e-02,-9.067676955880363820e-01
-3.895817111234560759e-01,-1.239059090845108096e-01,-7.844863291869650368e-01
-4.824906109592504988e-01,-1.623494851669230465e-01,-8.623551211079300005e-01
-4.515906562877129438e-01,-2.379746190722422106e-01,-8.909694713712821290e-01
-3.671709038136752867e-01,-2.905237136104719120e-01,-8.572620645781968696e-01
-3.378154452315856315e-01,-4.066300241664693171e-01,-9.081162664680659802e-01
-2.676290041183013724e-01,-4.801014840887314339e-01,-9.127673853952933403e-01
-1.632537033284471861e-01,-5.755435342179249236e-01,-9.403394947204589682e-01
-4.407473556807224579e-02,-4.505033027223135367e-01,-8.976021620127686562e-01
2.140061403604933549e-02,-5.123176092293969530e-01,-7.907457842726834940e-01
5.967318611305008624e-02,-5.243516353207935410e-01,-8.066741913470560910e-01
2.557263953454819161e-01,-4.383755077703079817e-01,-9.018957454755770486e-01
3.726184606976027380e-01,-5.395780018749913864e-01,-8.278521541424321839e-01
4.148202568562509018e-01,-4.599428716333082701e-01,-9.267718134202156399e-01
3.853558208730565315e-01,-3.421678134023055096e-01,-8.946424954827423282e-01
3.875790521709493452e-01,-1.958445391834547911e-01,-7.587639274524804467e-01
5.051184385713263225e-01,-1.773306080381537586e-01,-8.995888893960692911e-01
5.875003695750909971e-01,-1.930142924520812653e-02,-8.959074467280275789e-01
5.939386313723068467e-01,9.852599594047039069e-03,-7.402621088026616336e-01
5.589684080101343655e-01,7.043965735931750904e-02,-7.386253332511422132e-01
6.267931025087709607e-01,2.230895539848256615e-01,-8.147397828181910384e-01
4.685070955372991897e-01,2.681902865913041722e-01,-8.004981916453791646e-01
4.229341785459342917e-01,3.746824725778092890e-01,-7.946029566937945487e-01
4.262460416788479423e-01,4.218825552843016302e-01,-8.442339492584959304e-01
3.541992421008671177e-01,5.593582982970918271e-01,-7.331052904514674395e-01
2.219345668172393593e-01,5.612418285053362155e-01,-7.475463640871536919e-01
1.011120831168244444e-01,6.836809276087596476e-01,-7.038908124167908564e-01
-2.196701137475299062e-02,6.403379099500721150e-01,-7.782342480218964464e-01
-1.387537335255557003e-01,6.003735369015065215e-01,-7.334319024015240052e-01
-2.358834252343013915e-01,6.425917373777917385e-01,-7.752352556154774588e-01
-3.087796749973519272e-01,4.987282329945288972e-01,-7.255339553832647059e-01
-4.048249991434385020e-01,4.649234046449621793e-01,-6.996392209914119587e-01
-5.468480925652430269e-01,4.090246763962319676e-01,-7.724363070389486108e-01
-5.812933951800199894e-01,2.644694558125331163e-01,-7.858754689820548478e-01
-6.688037924840574133e-01,2.727212107408180097e-01,-7.311252674721808731e-01
-7.124434518992280863e-01,1.468451434236566766e-01,-7.289417203681176627e-01
-6.756533234530949228e-01,-2.819962308823137018e-02,-8.669369588541325777e-01
-5.816333898470804620e-01,-7.940181978266515339e-02,-7.675620545474112211e-01
-5.664044961804921563e-01,-1.787544024699695977e-01,-7.276823686274931369e-01
-5.906166637344074655e-01,-3.551078013892960961e-01,-7.996179931041609290e-01
-5.114903351495663220e-01,-4.840282367441132161e-01,-7.488116265639140900e-01
-4.823690337935854777e-01,-4.565683288187453170e-01,-7.255348470079014955e-01
-2.997340207880982432e-01,-5.797155296352668463e-01,-8.616905560766647820e-01
-2.349372245419415750e-01,-6.394452750730041934e-01,-7.082097524350070561e-01
-2.569676270572981980e-02,-7.328943416948817680e-01,-7.913549211476011980e-01
3.464633445149230967e-02,-7.111941632223106602e-01,-7.583163563242939498e-01
8.125693646733574138e-02,-6.174380200475947378e-01,-7.700563435381331256e-01
2.618775309146655905e-01,-5.921430462975759701e-01,-7.223984059765978794e-01
3.492022861077788698e-01,-5.242212428621604303e-01,-7.104003175325844799e-01
5.000700428115999463e-01,-4.169494677028778851e-01,-7.114142105222156509e-01
4.567014191550999858e-01,-3.499979415294014462e-01,-7.484399145340469017e-01
6.198821639077519707e-01,-2.570211967509010709e-01,-7.249115412968734073e-01
5.879988553306361165e-01,-1.458439338771740923e-01,-7.832190780728621737e-01
6.788396646731819084e-01,-4.259579673317918924e-02,-7.794530148365733657e-01
8.627176917275615198e-01,1.077701666401711389e-01,-6.786199530836928284e-01
8.484061772616628971e-01,1.489631911116933993e-01,-6.331992579639430518e-01
6.830089765886385722e-01,2.354320325055204999e-01,-7.459596549271413357e-01
6.605910582589648028e-01,4.029201416153307957e-01,-6.246394924069691434e-01
5.560866585417776342e-01,4.715523333496627334e-01,-6.284272603441268812e-01
4.699834837463567339e-01,5.493676061662514654e-01,-7.331331772568635552e-01
3.847828883886386109e-01,6.290198007706839789e-01,-6.457808353736834706e-01
2.671721143126586928e-01,6.903104930882364432e-01,-7.044288811139544082e-01
1.150803318853177021e-01,6.704686466232933073e-01,-6.513579957602486648e-01
6.470683160332552086e-02,7.552271067505368363e-01,-5.945516813299943637e-01
-1.776324676590106955e-01,7.661114678373660558e-01,-6.914504381541026756e-01
-2.813052618002994665e-01,7.810381539770380188e-01,-6.679673278553922566e-01
-3.161456895143831547e-01,7.239721556066793795e-01,-6.750900204931483684e-01
-4.572019054647107339e-01,6.392114572607835443e-01,-5.527623000352885896e-01
-6.464679959364537654e-01,5.028827087323991529e-01,-6.718702761817511027e-01
-6.405778630698909515e-01,4.328432720710727599e-01,-5.046160803185719690e-01
-7.816258157963956732e-01,2.948039942631313637e-01,-6.798295047539107960e-01
-7.300804776273562835e-01,7.303508238460465485e-02,-6.711261288817789161e-01
-7.440538682098889467e-01,1.888654697241531552e-02,-7.322903710766092145e-01
-8.140957043747394373e-01,-1.923074203286908868e-01,-6.708636741506391887e-01
-7.035747198319161066e-01,-3.116420774468668942e-01,-7.361631998762780960e-01
-6.820208342707411164e-01,-3.471534574877255808e-01,-6.122727462082740990e-01
-5.569983921457907217e-01,-5.972371747994962288e-01,-6.186065100516887627e-01
-5.074771119397671892e-01,-6.051065270982092237e-01,-6.323454036215564456e-01
-4.268308275050705647e-01,-7.317365171634984122e-01,-6.821079139577940209e-01
-2.094617978878615394e-01,-6.809865297406323403e-01,-6.398720499646944893e-01
-9.919625448613147989e-02,-8.221121972673312017e-01,-6.936425013591388522e-01
2.817853179680404260e-02,-7.725668577705786522e-01,-5.196448175734376118e-01
1.440478110058275307e-01,-7.605861721311103496e-01,-6.242172103052553433e-01
2.278084833789354724e-01,-6.485816892539445488e-01,-6.233856266177897343e-01
3.995965680777679996e-01,-7.232585073643161833e-01,-6.258039693773441714e-01
4.756893795991409823e-01,-5.110297671676437004e-01,-6.240763303998810851e-01
5.533963700356494542e-01,-5.004247778646107037e-01,-6.889822008451034208e-01
6.410888941033241473e-01,-4.771932506073309765e-01,-6.818637375744636131e-01
7.033349936338042507e-01,-2.954732083239638429e-01,-5.903537578673956343e-01
7.386850257312754797e-01,-1.497694965166669612e-01,-6.709289708880853409e-01
9.139708525701008002e-01,3.872712989525309291e-02,-5.013369225352800607e-01
8.537519732789953242e-01,2.401708147034690710e-01,-4.072241797141644137e-01
8.304360176105604063e-01,1.869226562976327721e-01,-4.694397232640632467e-01
6.930358715343443166e-01,4.984147863677893531e-01,-4.911351182899037493e-01
6.870651562433062187e-01,5.603812648038540845e-01,-5.211997647446980908e-01
4.702423927281903504e-01,7.094015355862371974e-01,-5.131606889822722950e-01
4.220476261948132302e-01,7.071989109321628053e-01,-4.884287876460151612e-01
3.414671299663998849e-01,7.720183865056566841e-01,-4.867798989673683963e-01
1.032044043426521424e-01,7.495436230113734499e-01,-4.976523399954878579e-01
-1.862804558448359626e-03,8.868037904220622547e-01,-5.009599593175809717e-01
-5.345467664340676495e-02,8.634416663541727432e-01,-5.020672292824961414e-01
-2.064954162913897329e-01,7.989752626515589373e-01,-3.478296867848851837e-01
-4.093064209053182689e-01,6.734012749896864936e-01,-4.219604611741006317e-01
-4.954499046236798820e-01,7.078017861346523887e-01,-4.465090522178730703e-01
-6.863781384906845195e-01,5.394701022115679923e-01,-5.036381014819102386e-01
-7.864849717627223624e-01,4.431942560573337575e-01,-6.129627398003810734e-01
-7.704105521252828659e-01,3.941994272647146302e-01,-5.177546126229785051e-01
-8.737289328017510126e-01,2.610983879589654499e-01,-4.244262359389087691e-01
-8.488646596726866500e-01,7.068675929697783300e-02,-4.236120688747064267e-01
-8.597252955629276494e-01,-1.396234158936086323e-01,-5.190169416698943161e-01
-7.154138009595689685e-01,-2.513321724000172619e-01,-5.131184458236259793e-01
-7.182227970173102882e-01,-4.262051284395315109e-01,-4.274990555070897758e-01
-6.493937838861025824e-01,-5.235462443727789683e-01,-5.086979979678417640e-01
-5.638165698549927329e-01,-7.092197702626877875e-01,-5.295699502606269204e-01
-4.880195124143400509e-01,-7.266919235371135377e-01,-5.707797552806205266e-01
-2.631405609762290099e-01,-7.879082441981608564e-01,-5.120498151027590428e-01
-1.771908915859169709e-01,-9.081030245902410591e-01,-5.439893214516432485e-01
-2.471998644121921329e-02,-8.203009792539014411e-01,-5.584126582371694569e-01
1.790550666075015895e-01,-8.371703395725607066e-01,-4.701448517082407186e-01
2.790810179986306649e-01,-9.046603574319952434e-01,-4.249661431409580969e-01
4.110085195747079645e-01,-7.230067963946735787e-01,-5.030160523407848361e-01
5.323819453083799003e-01,-5.981233649935693286e-01,-6.412730447741572526e-01
6.937856870853544855e-01,-5.864174452577217700e-01,-5.404142688187342225e-01
8.516314943447715891e-01,-4.177687048497080724e-01,-4.143161945717681593e-01
1.012601881504364476e+00,-4.361759222245238377e-01,-4.934138046518669607e-01
9.071738855551466640e-01,-1.636528570419733264e-01,-4.461765869831754161e-01
9.481163937343510817e-01,9.084704957339017825e-03,-4.591392194355556899e-01
9.827358942320548740e-01,1.878966742515614241e-01,-3.111174632694756470e-01
8.629997076853370697e-01,3.659179931116030571e-01,-4.088010795491963112e-01
7.732113628158180374e-01,4.641426378459925228e-01,-3.530288532325212558e-01
7.345497113870952388e-01,6.105697204858355764e-01,-3.787822698580111114e-01
5.893708267103172638e-01,7.893867346608414159e-01,-2.239869184638583477e-01
4.314823165326606702e-01,7.963591971546771786e-01,-2.936534683528972955e-01
3.759237919296292696e-01,8.367374183557642064e-01,-3.194014423531091329e-01
3.583446684534785653e-02,9.188789349653424532e-01,-3.556083527245162967e-01
3.617719212573582838e-02,9.674171638048406630e-01,-3.285417625704533662e-01
-1.968484737344119440e-01,9.370115692858260736e-01,-3.432701892063033666e-01
-2.981089211095090952e-01,8.873286690676038813e-01,-3.687694771342984734e-01
-4.383049594359433310e-01,7.437316424288531458e-01,-3.600222652452428340e-01
-5.298031103292594191e-01,6.468274235959893259e-01,-4.435166945279632178e-01
-7.292711208790079169e-01,6.718342354471453781e-01,-3.209795515969741664e-01
-8.270119327349779725e-01,4.792963984268268085e-01,-4.334177996628792440e-01
-7.662286080111659903e-01,2.504168507893954621e-01,-3.268061430949836810e-01
-8.855568567693371529e-01,1.158433706690993603e-01,-3.311412056614306820e-01
-9.822935459820688608e-01,-1.173634924161225416e-03,-3.783464865283110434e-01
-9.999308900141254952e-01,-7.348295532968054933e-02,-3.937805843600055700e-01
-9.587975683982989938e-01,-2.895758662768430636e-01,-3.494791857385804446e-01
-8.008398065746032968e-01,-4.716796724176697819e-01,-3.493464106490595800e-01
-6.679356105472483707e-01,-6.032672156652419959e-01,-3.140818763972932359e-01
-6.586375584564601038e-01,-6.471105719187525418e-01,-3.226656730543345231e-01
-5.209838601400202940e-01,-8.317403134864159719e-01,-3.642743873142821331e-01
-3.268405348874277028e-01,-9.089856256003638890e-01,-3.242523349820091161e-01
-1.969644294913850402e-01,-9.804231937852716516e-01,-4.236031843599266100e-01
1.076954799393847750e-01,-9.166375345476498460e-01,-3.520717815077333834e-01
1.204617639435088816e-01,-9.024813000984156508e-01,-3.239326918560172519e-01
2.902283394395160365e-01,-8.325426845657449837e-01,-2.877486078513288303e-01
4.120483290159173695e-01,-7.449104850724860283e-01,-2.293929554686005290e-01
6.034631202894115143e-01,-6.972774970139110629e-01,-2.857758799549882656e-01
7.339881391044853487e-01,-6.415834281761702007e-01,-3.455144745341852119e-01
7.771502674898707053e-01,-3.822738373561455072e-01,-3.340003247582939427e-01
9.077758040473723478e-01,-3.470841775244247196e-01,-3.132772034450929111e-01
9.093674060211880406e-01,-4.897252934691077864e-02,-3.428275940499194152e-01
1.028019256690495542e+00,7.246733858710037446e-02,-1.044761641253826173e-01
8.808515601021651431e-01,2.055609888296342780e-01,-1.881557490216247130e-01
1.002647021825121332e+00,2.594635195977008091e-01,-1.548536772036824827e-01
8.460015164871919069e-01,5.802451695173812540e-01,-1.069215003397086805e-01
6.904333898918001422e-01,5.567898116457079549e-01,-1.223532775535741413e-01
6.576128531893629114e-01,7.798200172015521403e-01,-1.140997243222898472e-01
5.459567661951932882e-01,7.495059506236797509e-01,-3.451707668507970062e-01
3.543971409761280666e-01,9.077802045427363353e-01,-1.892430596860033565e-01
1.241026657531419941e-01,8.985488137689287003e-01,-1.443953377173753383e-01
-1.028821307884074110e-01,1.008429979332454041e+00,-1.967042616154327517e-01
-1.874013462481657066e-01,8.964883493295500161e-01,-1.839485885670280041e-01
-3.570899968987458206e-01,8.102843784824520501e-01,-1.868072301597219209e-01
-5.769998368980825409e-01,9.391835629608256131e-01,-1.778834981968766549e-01
-6.459796327452422826e-01,7.096834284858074549e-01,-2.158141177002261546e-01
-7.518253603343851843e-01,5.771332206276217347e-01,-1.920630472849333414e-01
-8.088175461578046566e-01,5.018725827494889824e-01,-2.131443353282287678e-01
-9.229567354794981915e-01,3.894009764082355662e-01,-2.075064204031948911e-01
-9.505300305778229264e-01,1.301292070284376656e-01,-2.229491818529552583e-01
-1.001680805717425571e+00,-3.577785636521218365e-02,-1.643088434054155167e-01
-9.582250531532081617e-01,-1.168038468726202705e-01,-1.700201586453735370e-01
-9.397561383807627733e-01,-3.513365914068015128e-01,-1.535946238361348137e-01
-8.452880148503889579e-01,-5.251626778277200813e-01,-2.355692378755205874e-01
-7.428185725326148514e-01,-7.171171718066617906e-01,-1.552183614434792525e-01
-7.065832146148421922e-01,-7.738570982553573119e-01,-1.037564865168241479e-01
-5.089062867443749916e-01,-8.852078931273724693e-01,-1.713466909951710804e-01
-3.318806499643991992e-01,-8.640873267434732163e-01,-2.610341329112030317e-01
-2.273674234924730198e-01,-9.487495334116990975e-01,-1.617191635507486958e-01
-6.099231551312135624e-02,-1.031232875786831205e+00,-1.056109266454669515e-01
1.651164980981262020e-01,-1.019116675185122389e+00,-1.257468919328790236e-01
3.391158447704241685e-01,-9.678278739206868098e-01,-1.738901180603916741e-01
4.715434491304699716e-01,-8.395220016884505920e-01,-1.582488957969989396e-01
5.655219092903932543e-01,-7.866905043979955936e-01,-1.426561344935506903e-01
7.168528673930686379e-01,-7.004398110965374125e-01,-1.470615327960564656e-01
9.074435561846299070e-01,-4.211547099833655161e-01,-1.981039931579229030e-01
9.022035256817191318e-01,-3.685638643499133948e-01,-1.441333404786822869e-01
1.029343184251161336e+00,-2.895536085455893138e-01,-1.398638400930328762e-01
